জাতের নাম,জাত পরিচিতি,জাতের বৈশিষ্ট্য,এ জাতের বিশেষ প্রয়োজনীয়তা,জীবনকাল,ফলন,চাষাবাদ পদ্ধতি
বিআর১,"
বিআর১ বোরো ও আউশ মৌসুমের একটি জাত। বাংলাদেশ ধান গবেষণা 
ইনস্টিটিউট ১৯৭৬ সালে এ জাতটি উদ্ভাবন করেছে। বিআর১ এর জনপ্রিয় নাম 
চান্দিনা ।","পূর্ণবয়স্ক গাছের গড় উচ্চতা ৮৮ সেমি। 
চাল খাটো ও মোটা। ",,এ জাতের জীবনকাল বোরো মৌসুমে ১৪৫-১৫০ দিন এবং আউশ মৌসুমে ১২০ দিন ।,বোরো মৌসুমে ফলন হেক্টর প্রতি প্রায় ৫.৫ টন এবং আউশ মৌসুমে হেক্টর প্রতি প্রায় ৪.০টন।,"১. বীজ তলায় বীজ বপন বোরো মৌসুমে ১-১৫ অগ্রাহায়ণ (১৫-২৯ নভেম্বর) এবং হাউশ মৌসুমে ১৫ চৈত্রনা বৈশাখ (২৯ মার্চ-১৮ এপ্রিল)। 
২. চারার বয়সঃ বোরো মৌসুমে ৩৫-৪০ দিন এবং আউশ মৌসুমে ২০-২৫ দিন 
৩. রোপনের সময় : বোরো মৌসুমে ৫-২৫ পৌষ (১৯ ডিসেম্বর-৮ জানুয়ারি) এবং আউশ মৌসুমে ৫ বৈশাখ-২৫ বৈশাখ (১৮ এপ্রিল-১৮ মে)। 
৪. রোপন দুরত্বঃ বোরো মৌসুমে ২৫-১৫ সেমি এবং আউশ মৌসুমে ২০-১৫ সেমি 
৫. সার ব্যবস্থাপনা (কেজি/বিঘা)ঃ 
৫.১ ইউরিয়া ৩৩ টিএসপি ১২ এমপি ১৭ জিপসাম ৮ দস্তা ১.০ (বোরো মৌসুমে) 
৫.২ ইউরিয়া ১৮ টিএসপি ৭ এমপি ১১ জিপসাম ০ দস্তা ০ (আউশ মৌসুমে) 
৫.৩ ইউরিয়া সার সমান ও কিস্তিতে রোপণের ১৫-২০ দিন পর ১ম কিস্তি, ৩০-৩৫ দিন পর ২য় কিস্তি এবং ৪৫-৫০ দিন পর ৩য় কিস্তি প্রয়োগ করতে হবে। ইউরিয়া সার প্রয়োগের পর মাটির সাথে মিশিয়ে দিতে হবে। টিএসপি, এমওপি সারের পুরোটাই জমি শেষ চাষের সময় মাটিতে প্রয়োগ করা উত্তম। 
৬. আগাছা দমনঃ রোপণের ৩০-৪০ দিন পর্যন্ত জমি আগায়াযুক্ত রাখতে হবে। 
৭. সেচ ব্যবস্থাপনাঃ সেচের পানি ঘাটতি এলাকার জন্য আগাম জাত হিসেবে জাতটি নির্বাচন করা যেতে পারে। 
৮. রোগ বালাই ও পোকামাকড় দমনঃ রোগবালাই দেখা দিলে অনুমোদিত বালাই দমন ব্যবস্থাপনা অনুসরণ করতে হবে। 
৯. ফসল কাটাঃ গান কাটার উপযুক্ত সময় হলো বোরো মৌসুমে ১-১৫ বৈশাখ (১৪-২৮ এপ্রিল) এবং আউশ মৌসুমে ১৫ শ্রাবণ-২ ভদ্র (৩০ জুলাই-২০ আগষ্ট)। "
বিআর১২,"বাংলাদেশ ধান গবেষণা ইনস্টিটিউট উডাবিত ধান বিআর১২ বোরো এবং আউশ
মৌসুমে চাষাবাদের জন্য ১৯৮৩ সালে জাতীয় বীজ বোর্ডের অনুমোদন লাভ করে।
এ ধানের জনপ্রিয় নাম ময়না ।","পূর্ণ বয়স্ক গাছের উচ্চতা ১০৫ সেমি ।
চাল মাঝারি মোটা, সাদা ।",,এ জাতের জীবনকাল বোরো মৌসুমে ১৭০ দিন এবং আউশ মৌসুমে ১৩০ দিন।,বোরো মৌসুমে ফলন হেক্টর প্রতি ৫.৫ টন এবং আউশ মৌসুমে হেক্টর প্রতি ৪.৫টন।,"চাষাবাদ পদ্ধতি 
১. বীজ তলায় বীজ বপন: বোরো মৌসুমে ১৫-৩০ কার্তিক তারিখ (৩০ অক্টোবর-১৪ নভেম্বর) এবং আউশ মৌসুমে ১৫-৩০ চৈত্র (২৯ মার্চ-০৩ এপ্রিল)। 
২. রোপণের সময়ঃ বোরো মৌসুমে ১-১৫ পৌষ 
৩. চারার বয়সঃ বোরো মৌসুমে ৪৫-৫০ দিন এবং আউশ মৌসুমে ২০-৩০ দিন 
৪. চারার সংখ্যাঃ প্রতি গুড়িতে ৩টি 
৫. রোপন দুরত্বঃ বোরো মৌসুমে ২৫ ১৫ সেমি এবং আউশ মৌসুমে ২০১৫ সেমি 
৬. সার ব্যবস্থাপনা (কেজি/বিঘা)ঃ 
৬.১ ইউরিয়া ৪০
টিএসপি ১৩
এমপি ২২
জিপসাম ১৫
দস্তা ১.৫
(বোরো মৌসুমে) 

৬.২ 
ইউরিয়া ১৮
টিএসপি ৭
এমপি ১১
জিপসাম ০
দস্তা ০
(আউশ মৌসুমে) 

৬.৩ ইউরিয়া সার সমান ৩ কিস্তিতে রোপণের ১৫-২০ দিন পর ১ম কিস্তি, ৩০-১৫ দিন পর ২য় কিস্তি এবং ৪৫-৫০ দিন পর ৩য় কিস্তি। প্রয়োগ করতে হবে। ইউরিয়া সার প্রয়োগের পর মাটির সাথে মিশিয়ে দিতে হবে। 
৬.৪ ইউরিয়া প্রয়োগের সঠিক সময় নির্ণয়ের জন্য লিফ কালার চার্ট ব্যবহার করতে হবে।।। 
৭. আগাছা দমনঃ রোপণের ৪০-৪৫ দিন পর্যন্ত জমি আগাছামুক্ত রাখতে হবে। 
এলসিদির মাধ্যমে ইউরিয়ার চাহিদা নির্ধারণ। 
৮. সেচ ব্যবস্থাপনাঃ ধানের খোর অবস্থা থেকে নানা দুধ অবস্থায় জমিতে পর্যন্ত পানির ব্যবস্থা রাখতে হবে। 
৯. রোগ বালাই ও পোকামাকড় দমনঃ রোগবালাই ও পোকামাকড়ের আক্রমণ দেখা দিলে অনুমোদিত বালাই দমন ব্যবস্থাপনা অনুসরণ করতে হবে। 
১০. ফসল কাটাও বান কাটার উপযুক্ত সময় হলো বোরো মৌসুমের ক্ষেত্রে ৫-২০ বৈশাখ (১৮ এপ্রিল-০৩ মে) এবং আউশ মৌসুমের ক্ষেত্রে ২০ প্রাকানা ভদ্রে (০৪ আগষ্ট-২০ আগষ্ট)।"
বিআর১৫,"বাংলাদেশ ধান গবেষণা ইনস্টিটিউট উডাবিত ধান বিআর১২ বোরো এবং আউশ
মৌসুমে চাষাবাদের জন্য ১৯৮৩ সালে জাতীয় বীজ বোর্ডের অনুমোদন লাভ করে।
এ ধানের জনপ্রিয় নাম মোহিনী ।","পূর্ণ বয়স্ক গাছের গড় উচ্চতা বোরো মৌসুমে প্রায় ৯০ সেমি এবং আউশ মৌসুমে
প্রায় ১০০ সেমি |
চাল মাঝারি মোটা, সাদা ।",,জীবনকাল বোরো মৌসুমে ১৭০ দিন এবং আউশ মৌসুমে ১৩০ দিন।,বোরো মৌসুমে ফলন হেক্টর প্রতি ৫.৫ টন এবং আউশ মৌসুমে হেক্টর প্রতি ৪.৫টন।,"১. বীজ তলায় বীজ বপন: বোরো মৌসুমে ১৫-৩০ কার্তিক তারিখ (৩০ অক্টোবর-১৪ নভেম্বর) এবং আউশ মৌসুমে ১৫-৩০ চৈত্র (২৯ মার্চ-৩ এপ্রিল)। 
২. চারার বয়সঃ বোরো মৌসুমে ৪৫-৫০ দিন এবং আউশ মৌসুমে ২০-৩০ দিন 
৩. চারার সংখ্যাঃ প্রতি ওছিতে ৩টি। 
৪. রোপন দুরত্ব: বোরো মৌসুমে ২৫-১৫ সেমি এবং আউশ মৌসুমে ২০০১৫ সেমি 
৫. সার ব্যবস্থাপনা (কেজি/বিঘা): 
৫.১ 
ইউরিয়া ৪০
টিএসপি ১৩
এমপি ২২
জিপসাম ১৫
দস্তা ১.৫
(বোরো মৌসুমে) 


৫.২ 
ইউরিয়া ১৮
টিএসপি ৭
এমপি ১১
জিপসাম ০
দস্তা ০
(আউশ মৌসুমে) 

৫.৩ ইউরিয়া সার সমান ৩ কিস্তিতে রোপণের ১৫-২০ দিন পর ১ম কিস্তি, ৩০-৩৫ দিন পর ২য় কিস্তি এবং ৪৫-৫০ দিন পর ৩য় কিস্তি প্রয়োগ করতে হবে। ইউরিয়া সার প্রয়োগের পর মাটির সাথে মিশিয়ে দিতে হবে। 
৫.৪ ইউরিয়া প্রয়োগের সঠিক সময় নির্ণয়ের জন্য লিফ কালার চার্ট ব্যবহার করতে হবে। 
৬. আগাছা দমনঃ রোপণের ৪০-৪৫ দিন পর্যন্ত জমি আগাছামুক্ত রাখতে হবে। 
এলসিসির মাধ্যমে ইউরিয়ার চাহিদা নির্ধারণ 
৭. সেচ ব্যবস্থাপনাঃ ধানের ঘোর অবস্থা থেকে দানা দুধ অবস্থায় জমিতে পর্যাপ্ত পানির ব্যবস্থা রাখতে হবে। 
৮. রোগ বালাই ও পোকামাকড় দমনঃ রোগবালাই ও পোকামাকড়ের আক্রমণ দেখা দিলে অনুমোদিত বালাই দমন ব্যবস্থাপনা অনুসরণ করতে হবে। 
৯. ফসল কাটা: ধান কাটার উপযুক্ত সময় হলো বোরো মৌসুমের ক্ষেত্রে ৫-২০ বৈশাখ (১৮ এপ্রিল-৩ মে) এবং আউশ মৌসুমের ক্ষেত্রে ২০ শ্রাবণ-৫ ভাদ্র (৪ আগষ্ট-২০ আগস্ট)।"
বিআর২,"বিআর২ বোরো ও আউশ মৌসুমের একটি জাত। বাংলাদেশ ধান গবেষণা
ইনস্টিটিউট ১৯৭১ সালে এ জাতটি উদ্ভাবন করেছে । বিআর২ এর জনপ্রিয় নাম
মালা । ।","
৮ পূর্ণ বয়স্ক গাছের গড় উচ্চতা ১২০ সেমি ।
৯ চাল মাঝারি চিকন ও সাদা ।",,এ জাতের জীবনকাল বোরো মৌসুমে ১৬০ দিন এবং আউশ মৌসুমে ১২৫ দিন।,বোরো মৌসুমে ফলন হেক্টর প্রতি প্রায় ৫.০ টন এবং আউশ মৌসুমে হেক্টর প্রতি প্রায় ৪.০টন।,"চাষাবাদ পদ্ধতি 
১. বীজ তলায় বীজ বপন: বোরো মৌসুমে ২০ কার্তিক-০৫ অগ্রাহায়ণ (০৪-১৯ নভেম্বর) এবং আউশ মৌসুমে ১৫-৩০ চৈত্র (২৯ মার্চ-১৩ এপ্রিল)। 
২. চারার বয়সঃ বোরো মৌসুমে ৩৫-৪০ দিন এবং আউশ মৌসুমে ২০-৩০ দিন 
৩. রোপনের সময়: বোরোর ক্ষেত্রে ২৫ অগ্রাহায়ণ-১৫ পৌষ (০৯ ডিসেম্বর-২৮ জানুয়ারি) এবং ০৫-৩০ বৈশাখ (১৮ এপ্রিল-১৩ মে)। 
৪. রোপন দুরত্বঃ বোরো মৌসুমে ১৫×২৫ সেমি এবং আউশ মৌসুমে ১৫০২০ সেমি 
৫. সার ব্যবস্থাপনা (কেজি/বিঘা)ঃ 
৫.১ 
ইউরিয়া ৪০
টিএসপি ১৩
এমপি ২২
জিপসাম ১৫
দস্তা ১.৫
(বোরো মৌসুমে) 

৫.২ 
ইউরিয়া ১৮
টিএসপি ৭
এমপি ১১
জিপসাম ০
দস্তা ০
(আউশ মৌসুমে) 
 
৫.৩ ইউরিয়া সার সমান ৩ কিস্তিতে রোপণের ১৫-২০ দিন পর ১ম কিস্তি, ৩০-৩৫ দিন পর ২য় কিস্তি এবং ৪৫-৫০ দিন পর ৩য় কিস্তি প্রয়োগ করতে হবে। ইউরিয়া সার প্রয়োগের পর মাটির সাথে মিশিয়ে দিতে হবে। টিএসপি, এমওপি সারের পুরোটাই জমি শেষ চাষের সময় মাটিতে প্রয়োগ করা উত্তম। 
৬. আগাছা দমনঃ রোপণের ৩০-৪০ দিন পর্যন্ত জমি আগাছামুক্ত রাখতে হবে। 
৭. সেচ ব্যবস্থাপনাঃ সেচের পানি ঘাটতি এলাকার জন্য আগাম জাত হিসেবে জাতটি নির্বাচন করা যেতে পারে। 
৮. রোগ বালাই ও পোকামাকড় দমন: রোগবালাই দেখা দিলে অনুমোদিত বালাই দমন ব্যবস্থাপনা অনুসরণ করতে হবে। 
৯. ফসল কাটাঃ ধান কাটার উপযুক্ত সময় হলো বোরো মৌসুমের ক্ষেত্রে ১-১৫ বৈশাখ (১৪-২৮ এপ্রিল) এবং আউশ মৌসুমের ক্ষেত্রে ২০ শ্রাবণ-০৫ ভাদ্র (৪ আগস্ট-২০ আগস্ট)"
বিআর৬,"বিআর৬ বোরো ও আউশ মৌসুমের একটি জাত । বাংলাদেশ ধান গবেষণা
ইনস্টিটিউট ১৯৭৭ সালে এ জাতটি উদ্ভাবন করেছে।","পূর্ণ বয়স্ক গাছের গড় উচ্চতা ১০০ সেমি ।
চাল লম্বা, চিকন ও সাদা ।",,এ জাতের জীবনকাল বোরো মৌসুমে ১৪০ দিন এবং আউশ মৌসুমে ১১০ দিন।,বোরো মৌসুমে ফলন হেক্টর প্রতি প্রায় ৪.৫ টন এবং আউশ মৌসুমে হেক্টর প্রতি প্রায় ৩.৫টন।,"১. বীজ তলায় বীজ বপন: বোরো মৌসুমে ১-১৫ অগ্রহায়ণ (১৫-২৯ নভেম্বর) এবং আউশ মৌসুমে ১৫ চৈত্র-৫ বৈশাখ (২৯ মার্চ-১৮ এপ্রিল)। 
২. চারার বয়স: বোরো মৌসুমে ৩৫-৪০ দিন এবং আউশ মৌসুমে ২০-২৫ দিন। 
৩. রোপনের সময়: বোরোর ক্ষেত্রে ৫-২৫ পৌষ (১৯ ডিসেম্বর-৮ জানুয়ারি) এবং আউশ মৌসুমে (১৮ এপ্রিল-৮ মে)। 
৫ বৈশাখ-২৫ বৈশাখ 
৪. রোপন দুরত্বঃ বোরো মৌসুমে ২৫×১৫ সেমি এবং আউশ মৌসুমে ২০×১৫ সেমি। 
৫. সার ব্যবস্থাপনা (কেজি/বিঘা)ঃ
৫.১ ইউরিয়া ৩৫
টিএসপি ১২
এমপি ২০
জিপসাম ১৫
দস্তা ১.৫
(বোরো মৌসুমে) 
ইউরিয়া ১৮
টিএসপি ৭
এমপি ১১
জিপসাম ০
দস্তা ০
(আউশ মৌসুমে) 

৫.৩ ইউরিয়া সার সমান ৩ কিস্তিতে রোপণের ১৫-২০ দিন পর ১ম কিস্তি, ৩০-৩৫ দিন পর ২য় কিস্তি এবং ৪৫-৫০ দিন পর ৩য় কিস্তি 
প্রয়োগ করতে হবে। ইউরিয়া সার প্রয়োগের পর মাটির সাথে মিশিয়ে দিতে হবে। টিএসপি, এমওপি, জিপসাম ও জিঙ্ক সারের পুরোটাই 
জমি শেষ চাষের সময় মাটিতে প্রয়োগ করা উত্তম। 

৫. আগাছা দমনঃ রোপণের ৩০-৪০ দিন পর্যন্ত জমি আগাছামুক্ত রাখতে হবে। 
৬. সেচ ব্যবস্থাপনা: সেচের পানি ঘাটতি এলাকার জন্য আগাম জাত হিসেবে জাতটি নির্বাচন করা যেতে পারে। 
৭. রোগ বালাই ও পোকামাকড় দমন: রোগবালাই দেখা দিলে অনুমোদিত বালাই দমন ব্যবস্থাপনা অনুসরণ করতে হবে। 
৮. ফসল কাটা: ধান কাটার উপযুক্ত সময় হলো বোরো মৌসুমের ক্ষেত্রে ১-১৫ বৈশাখ (১৪-২৮ এপ্রিল) এবং আউশ মৌসুমের ক্ষেত্রে ১০-২০ শ্রাবণ (২৫ জুলাই-১৪ আগস্ট)"
বিআর৭,"বিআর৭ বোরো ও আউশ উভয় মৌসুমের জাত । এর জনপ্রিয় নাম ব্রি বালাম ।বাংলাদেশ ধান গবেষণা ইনস্টিটিউট ১৯৭৭ সালে এ জাত উদ্ভাবন
করেছে ।","গড় উচ্চতা ১২৫ সেন্টিমিটার ।
চাল লম্বা ও চিকন ।",,গড় জীবনকাল ১৫৫ দিন (বোরো) এবং ১৩০ দিন (আউশ),ফলন হেক্টর প্রতি ৪.৫ উন (বোরো) এবং ৩.৫ টন (আউশ),"
১. বীজতলায় বীজ বপনঃ বোরো মৌসুমে ২০ কার্তিক- ৫ অগ্রহায়ণ (৪-১৯ নভেম্বর) এবং রোপা আউশে ১৫-
৩০ চৈত্র (২৯ মার্চ-১৩ এপ্রিল) |

২. চারার বয়সঃ বোরো মৌসুমে ৪০-৪৫ দিন এবং আউশে ২০-৩০ দিন ।

৩. রোপণ দুরতৃঃ ২০x১৫ সেন্টিমিটার |

৪.সার ব্যবস্থাপনা (কেজি/বিঘা)ঃ

৪.১ ইউরিয়া ৪০ টিএসপি ১৩ এমপি ২২ জিপসাম ১৫ জিংক ১৫ (বোরো মৌসুমে)

৪.২ ইউরিয়া ১৮ টিএসপি ৭ এমপি ১১ জিপসাম ০ জিংক ০ (আউশ মৌসুমে)


৪.৩ ইউরিয়া সার সমান ৩ কিস্তিতে জমি তৈরির শেষ পর্যায়ে, রোপণের ২০-২৫ এবং ৬০ দিন পর প্রয়োগ করতে
হবে। তবে এলসিসি ভিত্তিক ইউরিয়া প্রয়োগ করা উত্তম ।

৫.আগাছা দমনঃ রোপনের পর অন্তত ৩০-৪০ দিন পর্যন্ত জমি আগাছামুক্ত রাখতে হবে ।

৬. সেচ ব্যবস্থাপনাঃ ধানের চাল শক্ত হওয়া পর্যন্ত প্রয়োজনে সম্পূরক সেচ দিতে হবে ।

৭. রোগ বালাই দমনঃ অনুমোদিত বালাই দমন ব্যবস্থা অনুসরণ করতে হবে ।

৮. ফসল পাকা ও কাটাঃ বোরো মৌসুমে ১-১৫ বৈশাখ (১৪-২৮ এপ্রিল) এবং রোপা আউশে ২৫ শ্রাবণ-১০ ভাদ্র
(৯ আগস্ট-২৫ আগস্ট)"
বিআর৮,"বিআর৮ বোরো ও আউশ উভয় মৌসুমের জাত | এর জনপ্রিয় নাম
আশা ।বাংলাদেশ ধান গবেষণা ইনস্টিটিউট ১৯৭৮ সালে এ জাত উদ্ভাবন
করেছে ।","গড় উচ্চতা ১২৫ সেন্টিমিটার ।

চাল মাঝারি মোটা ও পেটে দাগ আছে ।
শিলাবৃষ্টি এলাকার জন্য উপযোগী ।",,বোরো মৌসুমে এর জীবনকাল ১৬০ দিন এবং আউশ মৌসুমে ১২৫ দিন |,ফলন হেক্টর প্রতি ৬.০ টন (বোরো) এবং ৫.০ টন (আউশ),"১. বীজতলায় বীজ বপনঃ বোরো মৌসুমে ২০ কার্তিক- ৫ অগ্রহায়ণ (৪-১৯ নভেম্বর) এবং রোপা আউশে ১৫-৩০ চৈত্র (২৯ মার্চ-১৩ এপ্রিল)। 
২. চারার বয়সঃ বোরো মৌসুমে ৪০-৪৫ দিন এবং আউশে ২০-৩০ দিন। 
৩. রোপণ দূরত্বঃ বোরো মৌসুমে ২৫x১৫ সেন্টিমিটার এবং আউশে ২০x১৫ সেন্টিমিটার। 
৪. সার ব্যবস্থাপনা (কেজি/বিঘা)ঃ 
৪.১ 
ইউরিয়া ৪০
টিএসপি ১৩
এমপি ২২
জিপসাম ১৫
জিংক ১৫
(বোরো মৌসুমে) 

৪.২ 
ইউরিয়া ১৮ 
টিএসপি ৭ 
এমপি ১১
জিপসাম ০ 
জিংক ০
(আউশ মৌসুমে) 
৪.৩ ইউরিয়া সার সমান ৩ কিস্তিতে জমি তৈরির শেষ পর্যায়ে, রোপণের ২০-২৫ এবং ৬০ দিন পর প্রয়োগ করতে হবে। তবে এলসিসি ভিত্তিক ইউরিয়া প্রয়োগ করা উত্তম। 
৫. আগাছা দমনঃ রোপনের পর অন্তত ৩০-৪০ দিন পর্যন্ত জমি আগাছামুক্ত রাখতে হবে। ৬. সেচ ব্যবস্থাপনাঃ ধানের চাল শক্ত হওয়া পর্যন্ত প্রয়োজনে সম্পূরক সেচ দিতে হবে। 
৭. রোগ বালাই দমনঃ অনুমোদিত বালাই দমন ব্যবস্থা অনুসরণ করতে হবে। 
৮. ফসল পাকা ও কাটাঃ বোরো মৌসুমে ১-১৫ বৈশাখ (১৪-২৮ এপ্রিল) এবং রোপা আউশে ২০ শ্রাবণ-৫ ভাদ্র (৪ আগস্ট-২০ আগস্ট)"
বিআর৯,"বিআর৯ বোরো ও আউশ উভয় মৌসুমের জাত। এর জনপ্রিয় নাম
সুফলা ।বাংলাদেশ ধান গবেষণা ইনস্টিটিউট ১৯৭৮ সালে এ জাত
উডভাবন করেছে ।","উচ্চতা ১২৫ সেন্টিমিটার ।

চাল লম্বা, মাঝারি মোটা ও সাদা।
শিলাবৃষ্টি এলাকার জন্য উপযোগী ।",,এর জীবনকাল ১৫৫ দিন (বোরো) এবং ১২০ দিন (আউশ),ফলন হেক্টর প্রতি ৬.০ টন (বোরো) এবং ৫.০ টন (আউশ),"১. বীজতলায় বীজ বপনঃ বোরো মৌসুমে ২০ কার্তিক- ৫ অগ্রহায়ণ (৪-১৯ নভেম্বর) এবং রোপা আউশে ১৫-৩০ চৈত্র (২৯ মার্চ-১৩ এপ্রিল)। 
২. চারার বয়সঃ বোরো মৌসুমে ৪০-৪৫ দিন এবং আউশে ২০-৩০ দিন। 
৩. রোপণ দুরত্বঃ বোরো মৌসুমে ২৫x১৫ সেন্টিমিটার এবং আউশে ২০x১৫ সেন্টিমিটার। 
৪. সার ব্যবস্থাপনা (কেজি/বিঘা)ঃ 
৪.১ 
ইউরিয়া ৪০
টিএসপি ১৩
এমপি ২২
জিপসাম ১৫
জিংক ১৫
(বোরো মৌসুমে) 

৪.২ 
ইউরিয়া ১৮
টিএসপি ৭
এমপি ১১
জিপসাম ০ 
জিংক ০
(আউশ মৌসুমে) 

৪.৩ ইউরিয়া সার সমান ৩ কিস্তিতে জমি তৈরির শেষ পর্যায়ে, রোপণের ২০-২৫ এবং ৬০ দিন পর প্রয়োগ করতে হবে। তবে এলসিসি ভিত্তিক ইউরিয়া প্রয়োগ করা উত্তম। 
৫. আগাছা দমনঃ রোপনের পর অন্তত ৩০-৪০ দিন পর্যন্ত জমি আগাছামুক্ত রাখতে হবে। 
৬. সেচ ব্যবস্থাপনাঃধানের চাল শক্ত হওয়া পর্যন্ত প্রয়োজনে সম্পূরক সেচ দিতে হবে। 
৭. রোগ বালাই দমনঃ অনুমোদিত বালাই দমন ব্যবস্থা অনুসরণ করতে হবে। 
৮. ফসল পাকা ও কাটাঃ বোরো মৌসুমে ১-১৫ বৈশাখ (১৪-২৮ এপ্রিল) এবং রোপা আউশে ২০ শ্রাবণ-৫ ভাদ্র ( ৪ আগস্ট-২০ আগস্ট)"
ব্রি হাইব্রিড ধান৫,ব্রি হাইব্রিড ধান৫ বোরো মৌসুমের জাত। এর কৌলিক সারি নং বিআর১৫৮৫এইচ জাতটি জাতীয় বীজ বোর্ড কর্তৃক ২০১৬ সালে কৃষকের মাঠে চাষাবাদের জন্য অনুমোদান লাভ করে। পিতৃ মাতৃ সারি দেশীয়ভাবে উদ্ভাবিত বিধায় জাতটির রোগ প্রতিরোধ ও বৈরী পরিবেশে খাপ খাওয়ানোর ক্ষমতা বেশী।,"গাছের উচ্চতা ১০৫-১১০ সেমি। 
কান্ড শক্ত বিধায় ঢলে পড়ার সম্ভাবনা নেই। 
গাছের গোড়া খয়েরী রং এর এবং দানায় কাঁচা অবস্থায় লাল বর্ণের টিপ (Apiculus) বিদ্যমান। 
স্বাভাবিক অবস্থায় গাছ প্রতি গুচ্ছির সংখ্যা ১২-১৫টি। 
চালে অ্যালাইলোজের পরিমান ২৩.৪%। 
দানার আকৃতি সরু ও লম্বা। 
চালে প্রোটিনের ৯%। ভাত ঝরঝরে। 
উভয় মৌসুমে এই জাতটির বীজ উৎপাদন সম্ভব এবং বানিজ্যিকভাবে লাভজনক। আমন ও বোরে মৌসুমে পিতৃ ও মাতৃ সারির জীবনকালের যথাক্রমে পার্থক্য ৮ দিন ও বোরো ১৪ দিন। 
আমন মৌসুমে বীজ উৎপাদনে হেক্টর প্রতি ফলন ১.৫-২.০ টন এবং বোরো মৌসুমে ২.৫-২.৮ টন।",,গড় জীবন কাল ১৪৪ দিন।,৮.৫-৯.০ টন/হেক্টর |,"১. বীজ তলায় বীজ বপন: ১-৩০ অগ্রহায়ণ (১৫ নভেম্বর-১৫ ডিসেম্বর)। 
২. চারা রোপণঃ ১-৩০ পৌষ (১৫ ডিসেম্বর-১৫ জানুয়ারি)। 
৩. বীজের হারঃ ১৫ কেজি/হেক্টর। 
৪. চারার বয়স: ৩০-৩৫ দিন। 
৫. রোপণ দুরত্বঃ ২০×১৫ সেমি। 
৬. প্রতি গোছায় চারার সংখ্যাঃ ১-২ টি। 
৭. চারা লাগানোর ৫-৭ দিনের মধ্যে মরা গুছির জায়গায় পূনঃরোপণ (Gap filling) করতে হবে। 
৮. সার ব্যবস্থাপনা (কেজি/বিঘা)ঃ 
৮.১ 
ইউরিয়া ৩৬ 
টিএসপি ১৭
এমওপি ১৬ 
জিপসাম ৯ 
জিংক ১ 
৮.২ ইউরিয়া সার সমান ৩ কিস্তিতে রোপণের ১০-১৫ দিন পর ১ম কিস্তি, ৩০-৩৫ দিন পর ২য় কিস্তি এবং ৫০-৫৫দিন পর ৩য় কিস্তি প্রয়োগ করতে হবে। মোট এমওপি সারের ১১ কেজি জমি তৈরির সময় এবং ৫ কেজি ৩য় কিস্তি ইউরিয়ার সাথে উপরি প্রয়োগ করতে হবে। 
৯. আগাছা দমন: আগাছা দমনে আগাছানাশক ব্যবহার করলে প্রথম কিস্তির ইউরিয়া সার উপরি প্রয়োগের সাথে অনুমোদিত আগাছানাশক সঠিক মাত্রায় প্রয়োগ করতে হবে এবং ক্ষেতে সেচ দিয়ে পানি ১০-১৫ দিন বেঁধে রাখতে হবে। 
১০. সেচ ব্যবস্থাপনাঃ সার উপরি প্রয়োগের পূর্বে জমি ২-৩ বার শুকনা দিতে পারলে অধিক কুশি পাওয়া সম্ভব। পরিমিত সেচ ব্যহার করতে হবে এবং ধানে দুধ আসা পর্যন্ত জমিতে প্রয়োজনীয় পানির ব্যবস্থা করতে হবে। 
১১. রোগবালাই দমনঃ রোগ ও পোকামাকড়ের জন্য অনুমোদিত বালাই ব্যবস্থাপনা অনুসরণ করতে হবে।"
ব্রিধান৫৯,ব্রি ধান৫৯ বাংলাদেশ ধান গবেষণা ইনস্টিটিউট কর্তৃক INGER (International Network for Germplasm Evaluation of Rice) এর মাধ্যমে সংগ্রহ ও মূল্যায়ন করে জাত হিসাবে চূড়ান্ত ভাবে নির্বাচন করা হয়। এর কৌলিক সারি নং- ইড৩২৮। জাতটি ২০১৩ সালে NTC- কর্তৃক বোরো মৌসুমে জন্য অনুমোদন লাভ করে। ,"অধিক ফলনশীল ।

গাছের উচ্চতা ৮৩ সেমি এবং ঢলে পড়ে না।
চালের আকার আকৃতি মাঝারি মোটা এবং রঙ সাদা ।
১০০০টি পুষ্ট ধানের ওজন প্রায় ২৪.৬ গ্রাম ।

চালে প্রোটিনের পরিমাণ ৭.৫%।

চালে এম্যাইলোজের পরিমাণ ২৪.৬%।","বি ধান৫৯ এর জীবনকাল ববি ধান২৮ এর চেয়ে এক সপ্তাহ নাবি কিন্তু গড় ফলন প্রতি হেক্টরে ০.৬ টন বেশি । এ জাতের পূর্ণবয়স্ক
গাছ উচ্চতায় ব্রি ধান২৮ এর চেয়ে খাটো এবং মজবুত বিধায় ঢলে পড়ে না।",এ জাতের গড় জীবনকাল ১৫৩ দিন।,"হেক্টর প্রতি গড় ফলন ৭.১ টন। তবে উপযুক্ত পরিচর্যা পেলে ব্রি ধান৫৯ এর সম্ভাব্য ফলন (Potential yield) হেক্টরে ৮.৫ টন পর্যন্ত পাওয়া যায়। 
","এ ধানের চাষাবাদ পদ্ধতি অন্যান্য উফশী বোরো ধানের জাতের মতই । মাঝারি উঁচু থেকে উঁচু জমি এ ধান চাষের জন্য
উপযুক্ত।

১. বীজ তলায় বীজ বপন : ১-৩০ শে অগ্রহায়ণ (১৫-৩০ নভেম্বর) ।

২. চারার বয়স : ৩৫-৪০ দিন ।

৩. চারার সংখ্যা : প্রতি গুছিতে ২/৩টি।

৪. রোপণ দুরত্ব : ২৫ সেমি দ্ধ ১৫ সেমি।

৫. সার ব্যাবস্পপনা (কেজি/বিঘা):
৫.১ ইউরিয়া ৩৫ 
টিএসপি ১৩.৫
এমওপি ১৬ 
জিপসাম ১৫
জিংক সালফেট ১.৫

৫.২ সর্বশেষ জমি চাষের সময় সবটুকু টিএসপি, জিংক সালফেট, জিপসাম এবং এমওপি সার প্রয়োগ করা উচিত।
ইউরিয়া সার সমান তিন কিস্তিতে যথা রোপণের ১৫ দিন পর ১ম কিস্তি এবং ২৫-৩০ দিন পর ২য় কিস্তি এবং ৫০-

৫৫ দিন পর ৩য় কিস্তি প্রয়োগ করতে হবে ।
৬. আগাছা দমন : রোপণের পর অন্তত ৪০ দিন পর্যন্ত জমি আগাছা মুক্ত রাখতে হবে ।
৭. সেচ ব্যবস্শপনা : থোড় অবহস্থা থেকে দুধ অবস্থা পর্যন্ত জমিতে পর্যাপ্ত রস বা পানি রাখতে হবে ।
৮. রোগবালাই দমন : বি ধান৫৯ এ রোগ বালাই ও পোকামাকড়ের আক্রমণ প্রচলিত জাতের চেয়ে অনেক কম
হয়। তবে রোগবালাই ও পোকা মাকড়ের আক্রমণে সমন্বিত বালাই দমন ব্যবস্থা প্রয়োগ করা
উচিৎ ।

৯. ফসল পাকা ও কাটা : ১-১৫ বৈশাখ (১৫-৩০ এপ্রিল) ধান কাটার উপযুক্ত সময় ।"
ব্রি ধান৬০,ব্রি ধান৬০-এর কৌলিক সারি নং- BR7323-4B-1। বাংলাদেশ ধান গবেষণা ইনস্টিটিউট কর্তৃক BR7166-4-5-3 এবং BR26 এর মধ্যে সঙ্করায়ণ পর বংশানুক্রম নির্বাচনের (Pedigree Selection) মাধ্যমে উদ্ভাবিত। জাতটি ২০১৩ সালে জাতীয় বীজ বোর্ড কর্তৃক বোরো মৌসুমে জন্য অনুমোদন লাভ করে।,"৮ অধিক ফলনশীল।
গাছের উচ্চতা ৯৮ সেমি ।
চালের আকার লম্বা ও সরু এবং রঙ সাদা ।
১০০০টি পুষ্ট ধানের ওজন প্রায় ২৩.৮ গ্রাম ।
চালে প্রোটিনের পরিমাণ ৭.৮%।
৮ চালে এম্যাইলোজের পরিমাণ ২২.২%।","ব্রি ধান৬০ এর জীবনকাল ব্রি ধান২৮ এর চেয়ে ৪-৫ দিন নাবি কিন্ত ফলন প্রতি হেক্টরে ০.৮ টন বেশি । এ জাতের পূর্ণবয়স্ক গাছ
উচ্চতায় ব্রি ধান২৮ এর চেয়ে সামান্য খাটো এবং গাছ মজবুদ বিধায় ঢলে পড়ে না।",এ জাতের গড় জীবনকাল ১৫১ দিন।,হেক্টর প্রতি গড় ফলন ৭.৩ টন। তবে উপযুক্ত পরিচর্যা পেলে ব্রি ধান৬০ এর সম্ভাব্য ফলন (Potential yield) হেক্টরে ৮.৫ টন পর্যন্ত পাওয়া যায়।,"এ ধানের চাষাবাদ পদ্ধতি অন্যান্য উফশী বোরো ধানের জাতের মতই। মাঝারি উঁচু থেকে উঁচু জমি এ ধান চাষের জন্য উপযুক্ত।  
১. বীজ তলায় বীজ বপন: ১-৩০ অগ্রহায়ণ (১৫-৩০ নভেম্বর)।  
২. চারার বয়স  : ৩৫-৪০ দিন।  
৩. চারার সংখ্যা  : প্রতি গুছিতে ২/৩টি।  
৪. রোপণ দূরত্ব : ২৫ সেমি × ১৫ সেমি।  
৫. সার ব্যবস্থাপনা (কেজি/বিঘা):  
৫.১ ইউরিয়া  ৩৫ টিএসপি ১৩.৫  এমওপি  ১৬  জিপসাম  ১৫  জিংক সালফেট  ১.৫  
৫.২ সর্বশেষ জমি চাষের সময় সবটুকু টিএসপি, জিংক সালফেট, জিপসাম এবং এমওপি সার প্রয়োগ করা উচিত। ইউরিয়া সার সমান তিন কিস্তিতে যথা রোপণের ১৫ দিন পর ১ম কিস্তি এবং ২৫-৩০ দিন পর ২য় কিস্তি এবং ৫০-৫৫ দিন পর ৩য় কিস্তি প্রয়োগ করতে হবে।  
৬. আগাছা দমন  : রোপণের পর অন্তত ৪০ দিন পর্যন্ত জমি আগাছা মুক্ত রাখতে হবে।  
৭. সেচ ব্যবস্থাপনা  : থোড় অবস্থা থেকে দুধ অবস্থা পর্যন্ত জমিতে পর্যাপ্ত রস বা পানি রাখতে হবে।  
৮. রোগবালাই দমন  : ব্রি ধান৬০ এ রোগবালাই ও পোকামাকড়ের আক্রমণ প্রচলিত জাতের চেয়ে অনেক কম হয়। তবে রোগবালাই ও পোকা মাকড়ের আক্রমণে সমন্বিত বালাই দমন ব্যবস্থা প্রয়োগ করা উচিৎ।  
৯. ফসল পাকা ও কাটা  : ১-১৫ বৈশাখ (১৫-৩০ এপ্রিল) ধান কাটার উপযুক্ত সময়।"
ব্রি ধান৬১,ব্রি ধান৬১ এর কৌলিক সারি নং- BR7105-4R-2। উক্ত কৌলিক সারিটি বাংলাদেশ ধান গবেষণা ইনস্টিটিউট কর্তৃক IR64419-3B-4-3 Ges BRRI dhan29 এর সঙ্করায়ণের এবং কৌলিক বাছাই (Pedigree selection) এর মাধ্যমে উদ্ভাবিত। প্রচলিত প্রজনন পদ্ধতিতে চুড়ান্ত কৌলিক সারি নির্বাচন করা হয়। জাতটি দেশের বিভিন্ন লবণাক্ততা প্রবণ অঞ্চলে বোরো মৌসুমে ব্রি ধান৪৭জাতের চাষাবাদ উপযোগী এলাকায় চাষের উপযোগী। জাতটি ২০১৩ সালে জাতীয় বীজ বোর্ড কর্তৃক বোরো মৌসুমে জন্য অনুমোদন লাভ করে।,"অধিক ফলনশীল ।

চারা অবস্থায় ১২-১৪ ডিএস/মি (৩ সপ্তাহ পর্যন্ত) এবং অংগজ বৃদ্ধি
থেকে প্রজনন পর্যায় পর্যন্ত ৮ ডিএস/মি লবণাক্ততা সহ্য করতে পারে।

গাছের উচ্চতা ৯৫ সেমি।

চালের আকার মাঝারি চিকন ।

১০০০টি পুষ্ট ধানের ওজন প্রায় ২১ গ্রাম ।

চালে প্রোটিনের পরিমাণ ৮.৮%।

চালে এম্যাইলোজের পরিমাণ ২২%।

খোলে (Leaf sheath) ও বড় তৃষের (Lemma) অগ্রভাগে

এনথোসায়ানিন রঙ আছে এবং গর্ভমুন্ড (Stigma) পার্পল বর্ণের ।",ব্রি ধান৬১ এর প্রধান বৈশিষ্ট্য হলো চারা অবস্থায় ১২-১৪ ডিএস/মি (৩ সপ্তাহ পর্যন্ত) লবণাক্ততা সহ্য করতে পারে। উপরন্ত এ জাতটি অংগজ বৃদ্ধি থেকে প্রজনন পর্যায় পর্যন্ত লবণাক্ততা সংবেদনশীল সকল ধাপে (Salt sensitive stages) ৮ ডিএস/মি মাত্রার লবণাক্ততা সহ্য করে ফলন দিতে সক্ষম যা প্রচলিত উচ্চ ফলনশীল জাত ব্রি ধান২৮ পারে না। এ জাতটি ব্রি ধান৪৭ এর মতো লবণ সহ্য করতে পারে তবে এর দানা মাঝারি চিকন ও শীষ থেকে ধান সহজে ঝরে পড়ে না।,এ জাতের গড় জীবনকাল ১৪৫-১৫০ দিন |,"বি ধান৬১ লবনাক্ততার মাত্রা ভেদে হেক্টর প্রতি ৩.৮-৭.৪ টন ফলন দিতে সক্ষম, যা বি ধান২৮ এর থেকে ১.৫ টন/হে বেশি ।","এ ধানের চাষাবাদ পদ্ধতি অন্যান্য উফশী বোরো ধানের জাতের মতই । মাঝারি উচু থেকে উচু জমি এ ধান চাষের জন্য
উপযুক্ত ।

১. বীজ তলায় বীজ বপন : অগ্রহায়ণের ২ তারিখ থেকে ৩০ তারিখ (১৫ নভেম্বর থেকে ১৫ ডিসেম্বর) ।
২. চারার বয়স :৩৫-৪০ দিন।
৩. সর সা : প্রতি গুছিতে ২/৩টি ।
৪. : ২৫ সেমি * ১৫ সেমি।
৫. পদযনাইনা কেজি,
৫.১ ইউরিয়া ৩৯.৫ টিএসপি ১৩.৫ এমওপি ১৬ জিপসাম ১৩.৫ জিংক সালফেট ১.৫

৫.২ সরীশেষ জমি চাট ময় সবটুকু টিসপি, জিংক সাসিফেট, জিপসাম এবং এমওপি সার প্রয়োগ করা উচিত ।
ইউরিয়া সার সমান তিন কিস্তিতে যথা রোপণের ১০-১৫ দিন পর ১ম কিস্তি এবং ৩৫-৪০ দিন পর ২য় কিস্তি এবং
৫০-৫€ দিন পর ৩য় কিস্তি প্রয়োগ করতে হবে।
৬. আগাছা দমন : রোপণের পর অন্তত ৪০ দিন পর্যন্ত জমি আগাছা মুক্ত রাখতে হবে ।
৭. সেচ ব্যবস্থাপনা : থোড় অবস্থা থেকে দুধ অবস্থা পর্যন্ত জমিতে পর্যাপ্ত রস বা পানি রাখতে হবে ।
৮. রোগবালাই দমন : ব্রি ধান৬১ এ রোগ বালাই ও পোকামাকড়ের আক্রমণ প্রচলিত জাতের চেয়ে অনেক কম হয়।
তবে রোগবালাই ও পোকা মাকড়ের আক্রমণ দেখা দিলে বালাইনাশক প্রয়োগ করা উচিৎ।
৯. ফসল পাকা ও কাটা : ২৫ চৈত্র-২৫ বৈশাখ (১০ এপ্রিল-১০ মে) ধান কাটার উপযুক্ত সময় ।"
ব্রি ধান৬৩,"ব্রি ধান৬৩ বোরো মৌসুমের একটি প্রিমিয়াম কোয়ালিটি রাইস। এর কৌলিক সারি BR৭৩৫৮-৩০-৩-১। উক্ত কৌলিক সারিটি ইরানিয়ান জাত Amol-৩ এবং BRRI dhan২৮ নামক উচ্চ ফলনশীল মেগা জাতের সাথে সংকরায়ন করে পরবর্তীতে বংশানুক্রম সিলেকশান (Pedigree Selection) এর মাধ্যমে উদ্ভাবিত। কৌলিক সারিটি ব্রি সদর দপ্তর, আঞ্চলিক কার্যালয় এবং দেশের বিভিন্ন স্থানে কৃষকের মাঠে পরীক্ষা নিরীক্ষা এবং ফলন পরীক্ষায় সন্তোষজনক হওয়ায় ২০১৪ সালে জাতীয় বীজ বোর্ড কর্তৃক বোরো মৌসুমে কৃষক পর্যায়ে চাষাবাদের জন্য অনুমোদন লাভ করে।","এ জাতটির চাল সরু এবং গুনাগুন বালাম চালের মত বলে জাতটি সরু বালাম নামে পরিচিত ।

জাতটি অধিক ফলনশীল

এ জাতের পাকা ধানের রং সোনালী

চালের আকার আকৃতি পাকিস্থানি বাসমতির মত লম্বা ও চিকন ।

চালে আমাইলোজের পরিমাণ ২৫.০%।

চালে প্রোটিনের পরিমাণ ৮.২%।

১০০০)টি পুষ্ট ধানের ওজন প্রায় ২২.১ গ্রাম ।

এ জাতের ডিগ পাতা খাড়া ও লম্বা তাই এ ধান দেখতে খুব আকর্ষনীয় হয়।","বোরো মৌসুমে চাষাবাদের জন্য একটি উত্তম জাত, যা বিদেশে রপ্তানিযোগ্য ৷ এ ধানটি বি ধান৫০ এর চেয়ে ৫-৭ দিন আগাম । ৰি ধান৬৩
জাতের অন্যতম বৈশিষ্ট্য হলো শীষ থেকে ধান ঝরে পড়ে না । ব্রি ধান৬৩ চালের বিশেষ বৈশিষ্ট্য হলো রান্নার পর ভাত লম্বায় বাড়ে । এ ধানটি
ব্রিধান২৮ এর মত একই পরিচর্যায় করা যাবে । এই ধান চাষ করে কৃষক অধিক লাভবান হবে ।",এজাতের গড় জীবনকাল ১৪৮-১৫০ দিন |,ব্রি ধান৬৩ উপযুক্ত পরিচর্যায় হেক্টরে ৬.৫-৭.০ টন ফলন দিতে সক্ষম ।,"এ ধানের চাষাবাদ পদ্ধতি অন্যান্য উফশী বোরো ধানের জাতের মতই।  
১. বীজ তলায় বীজ বপনঃ ০১ অগ্রাহায়ন থেকে ০১ পৌষ (১৫ নভেম্বর থেকে ১৫ ডিসেম্বর)।  
২. চারার বয়স: ৩৫-৪০ দিন।  
৩. চারার সংখ্যাঃ প্রতি গুছিতে ২-৩টি।  
৪. রোপণ দুরত্বঃ ২০ সেমি X ১৫ সেমি।  ৫. সার ব্যবস্থাপনা (কেজি/বিঘা)ঃ  
৫.১  ইউরিয়া  ৩৪.৫  টিএসপি ১৩.৫  এমওপি  ১৬.০  জিপসাম  ১৫.০  জিংক সালফেট  ১.৫  
৫.২ সর্বশেষ জমি চাষের সময় সবটুকু টিএসপি, এমওপি, জিংক সালফেট ও জিপসাম সার প্রয়োগ করা উচিত। ইউরিয়া সার সমান তিন কিস্তিতে যথা রোপণের ১০-১৫ দিন পর ১ম কিস্তি, ২৫-৩০ দিন পর ২য় কিস্তি এবং ৪০-৪৫ দিন পর ৩য় কিস্তি প্রয়োগ করতে হবে।  
৬. আগাছা দমনঃ রোপণের পর অন্তত ২৫-৩০ দিন পর্যন্ত জমি আগাছা মুক্ত রাখতে হবে।  
৭. সেচ ব্যবস্থাপনা: চাল শক্ত হওয়া পর্যন্ত প্রয়োজনে সম্পূরক সেচ দিতে হবে।  
৮. রোগবালাই দমনঃ ব্রি ধান৬৩ তে রোগবালাই ও পোকামাকড়ের আক্রমণ প্রচলিত জাতের চেয়ে অনেক কম হয়।  তবে রোগবালাই ও পোকা মাকড়ের আক্রমণ দেখা দিলে সমন্বিত বালাই দমন ব্যবস্থা প্রয়োগ করা উচিৎ।  
৯. ফসল পাকা ও কাটা: ৩০ চৈত্র থেকে ১১ জ্যৈষ্ঠ (১৩ এপ্রিল থেকে ২৫ মে) ধান কাটার উপযুক্ত সময়। শীষের শতকরা ৮০ ভাগ ধান পেকে গেলে দেরি না করে ধান কেটে নেয়া উচিত।"
ব্রি ধান৬৪,"ব্রি ধান৬৪ জিংক সমৃদ্ধ বোরো ধানের জাত। এ জাতটি বাংলাদেশ ধান গবেষণা
ইনস্টিটিউট |75382-32-2-3-3 এবং 81২7166-4-5-3-2-5-581-92 এর মধ্যে
সঙ্করাণের পর বংশানুক্রম সিলেকশান (9010759 59160001) এর মাধ্যমে উদ্ভাবন
করেছে। এর কৌলিক সারি নং- 81২7840-54-1-2-51 এ জাতটি ২০১৪ সালে জাতীয়
বীজ বোর্ড কর্তৃক বোরো মৌসুমে কৃষক পর্যায়ে চাষাবাদের জন্য অনুমোদন লাভ করে ।","অধিক ফলনশীল। 
গাছের উচ্চতা ১১০ সেমি। 
চালের মাঝারি মোটা এবং রঙ সাদা। 
১০০০টি পুষ্ট ধানের ওজন প্রায় ২৪.৬ গ্রাম। 
চালে প্রোটিনের পরিমাণ ৭.২%। 
চালে জিংক এর পরিমাণ ২৪ মিলিগ্রাম/কেজি।","ব্রি ধান৬৪ এর চালে উচ্চ মাত্রায় অত্যাবশ্যকীয় খাদ্যোপাদান জিঙ্ক রয়েছে। মানুষের রোগ প্রতিরোধ ক্ষমতা, বুদ্ধিমন্তাসহ নানাবিধ
শারীরবৃত্তীক প্রক্রিয়ার জন্য জিন্ক অতি প্রয়োজনীয়। এর অভাবে শিশুদের স্বাভাবিক বৃদ্ধি ও মানসিক বিকাশ ব্যহত হয়; বিভিন্ন সংক্রামক
ব্যাধি যেমন, ডায়রিয়া, নিউমোনিয়া, ম্যালেরিয়াতে আক্রান্ত হওয়ার ঝুঁকি বেড়ে যায়। আমাদের দেশের শতকরা ৪০ ভাগের বেশী মানুষ
বিশেষ করে শিশু ও নারীদের জিঙ্কের ঘাটতি রয়েছে। প্রচলিত উচ্চ ফলনশীল ধানের জাতগুলোতে জিষ্কের গড় পরতা পরিমান ১৫-১৬
মিলিগ্রাম । বি ধান৬৪ তে জিঙ্কের পরিমান প্রচলিত জাতের চেয়ে কমপক্ষে ৮ মিলিগ্রাম বেশি । এ জাতের ভাত নিয়মিত খেলে আমাদের মত
দেশগুলোর দরিদ্র মানুষের দৈনিক জিষ্ক চাহিদার কমপক্ষে শতকরা ৪০ ভাগ পূরণ করা সম্ভব হবে । এ ধানের জাত দরিদ্ধ জনগোষ্ঠীর
জিংকের অভাব জনিত অপুষ্টি লাঘবে টেকসই ভূমিকা পালন করতে সক্ষম হবে ।",এ জাতের গড় জীবনকাল ১৫০-১৫২ দিন ।,হেক্টর প্রতি গড় ৬.০-৬.৫ উন ফলন দিতে সক্ষম । তবে উপযুক্ত পরিচর্যা পেলে ৭.০ টন পর্যন্ত ফলন দিতে পারে ।,"এ ধানের চাষাবাদ পদ্ধতি অন্যান্য উফশী বোরো ধানের জাতের মতই। 
১. বীজ তলায় বীজ বপন: অগ্রহায়ণের ১ তারিখ থেকে ১৫ তারিখ (১৫ নভেম্বর থেকে ৩০ নভেম্বর)। 
২. চারার বয়স: ৩৫-৪০ দিন। 
৩. চারার সংখ্যা: প্রতি গুছিতে ২/৩টি। 
৪. রোপণ দুরত্ব: ২০ সেমি ১৫ সেমি। 
৫. সার ব্যবহস্থাপনা (কেজি/বিঘা): 
৫.১ 
ইউরিয়া ৩৪.৫ 
টিএসপি ১৩.৫ 
এমওপি ১৬.০ 
জিপসাম ১৫.০ 
জিংক সালফেট ১.৫ 
৫.২ সর্বশেষ জমি চাষের সময় সবটুকু টিএসপি, জিংক সালফেট, জিপসাম এবং অর্ধেক এমওপি সার প্রয়োগ করা উচিত। 
ইউরিয়া সার সমান তিন কিস্তিতে যথা রোপণের ১৫ দিন পর ১ম কিস্তি, ২৫-৩০ দিন পর ২য় কিস্তি এবং ৪০-৪৫ দিন পর ৩য় কিস্তি প্রয়োগ করতে হবে। 
৬. আগাছা দমন: রোপণের পর অন্তত ২৫-৩০ দিন পর্যন্ত জমি আগাছা মুক্ত রাখতে হবে। 
৭. সেচ ব্যবস্থাপনা: চাল শক্ত হওয়া পর্যন্ত প্রয়োজনে সম্পূরক সেচ দিতে হবে। 
৮. রোগবালাই দমন: ব্রি ধান৬৪ তে রোগবালাই ও পোকামাকড়ের আক্রমণ প্রচলিত জাতের চেয়ে অনেক কম হয়। 
তবে রোগবালাই ও পোকা মাকড়ের আক্রমণ দেখা দিলে সমন্বিত বালাই দমন ব্যবস্থা প্রয়োগ করা উচিৎ। 
৯. ফসল পাকা ও কাটা: বৈশাখ মাস (১৪ এপ্রিল থেকে ১৪ মে) ধান কাটার উপযুক্ত সময়। শীষের শতকরা ৮০ ভাগ ধান পেকে গেলে দেরি না করে ধান কেটে নেয়া উচিত।"
ব্রি ধান৩৫,"বাংলাদেশ ধান গবেষণা ইনস্টিটিউট উদ্ভাবিত ধান ববি ধান৩৫ বোরো মৌসুমে
চাষাবাদের জন্য ১৯৯৮ সালে জাতীয় বীজ বোর্ডের অনুমোদন লাভ করে ।","পূর্ণ বয়স্ক গাছের উচ্চতা প্রায় ১০৫ সেমি ।
চাল খাটো, মোটা ।
বাদামী গাছফড়িং প্রতিরোধী ।",,এ জাতটির জীবনকাল ১৫৫ দিন।,উপযুক্ত পরিচর্যা পেলে হেক্টর প্রতি ফলন ৫.০টন।,"১. বীজ তলায় বীজ বপন: ২০ কার্তিক-৫ অগ্রহায়ণ তারিখ (৪-১৯ নভেম্বর)।  
২. চারার বয়সঃ ৪০-৪৫ দিন  
৩. চারার সংখ্যাঃ প্রতি গুছিতে ৩টি  
৪. রোপন দুরত্বঃ ২৫×১৫ সেমি  
৫. সার ব্যবস্থাপনা (কেজি/বিঘা)ঃ  
৫.১  ইউরিয়া  টিএসপি  এমপি  জিপসাম দস্তা  ৩০-৪০  ১০-১৪  ৮-১৭ ৪-১০  ০.৭-১.০  
৫.২ ইউরিয়া সার সমান ৩ কিস্তিতে রোপণের ১৫-২০ দিন পর ১ম কিস্তি, ৩৫-৪০ দিন পর ২য় কিস্তি এবং ৫০-৫৫ দিন পর ৩য় কিস্তি প্রয়োগ করতে হবে। ইউরিয়া সার প্রয়োগের পর মাটির সাথে মিশিয়ে দিতে হবে।  
৫.৩ ইউরিয়া প্রয়োগের সঠিক সময় নির্ণয়ের জন্য লিফ কালার চার্ট ব্যবহার করতে হবে।  এলসিসির মাধ্যমে ইউরিয়ার চাহিদা নির্ধারণ  
৬. আগাছা দমনঃ রোপণের ৪০-৪৫ দিন পর্যন্ত জমি আগাছামুক্ত রাখতে হবে।  
৭. সেচ ব্যবস্থাপনাঃ ধানের থোর অবস্থা থেকে দানা দুধ অবস্থায় জমিতে পর্যাপ্ত পানির ব্যবস্থা রাখতে হবে।  
৮. রোগ বালাই ও পোকামাকড় দমন: রোগবালাই ও পোকামাকড়ের আক্রমণ দেখা দিলে অনুমোদিত বালাই দমন ব্যবস্থাপনা অনুসরণ করতে হবে।  
৯. ফসল কাটাঃ ধান কাটার উপযুক্ত সময় হলো ১-১৫ বৈশাখ (১৪-২৮ এপ্রিল)।"
ব্রি ধান৮১,"
বি ধান৮”১ বোরো মৌসুমের জাত। ব্রি ধান৮”১ এর কৌলিকসারি 37২7358-5-
3-2-1-077২2 (0010) | ইরান থেকে সংগৃহীত জাত /১701-3 এর সাথেবি ১৪
ধান২৮ এর সংকরায়ণ করে বংশানুক্রম সিলেকশন (790987০) এবং
পরবর্তীতে শীষ থেকে সারি পদ্ধতির মাধ্যমে এ জাতটি উভভাবন করা হয় । দেশের £ু
বিভিন্ন অঞ্চলে ফলন পরীক্ষায় সন্তোষজনক ফলাফল পাওয়ায় কৃষকের মাঠে
বোরো মৌসুমে চাষাবাদের জন্য জাতীয় বীজ বোর্ড কর্তৃক ২০১৭ সালে জাতটি
ছাড়করণ করা হয়।","অঙ্গজ অবস্থায় গাছের আকার ও আকৃতি প্রায় ব্রি ধান২৮ এর মত তবে পাতা একটু মোটা ।
গাছের কান্ড ব্রি ধান২৮ এর চেয়ে শক্ত । এ জাতের ডিগ পাতা সামান্য হেলানো ।

ধানের রংখড়ের মত, ধানের আকৃতি লম্বা ও চিকন এবং অগ্রভাগ সামান্য বাকানো ।

পূর্ণ বয়স্ক গাছের উচ্চতা ১০০ সে:মি:

১০০০টি পুষ্ট ধানের ওজন প্রায় ২০.৩ গ্রাম ।

চালে আমাইলোজের পরিমাণ ২৬.৫%।

চালে প্রোটিনের পরিমাণ ১০.৩%।","উচ্চ প্রোটিন সমৃদ্ধ এ জাতটি সুগন্ধ ব্যতীত প্রিমিয়াম কোয়ালিটি ধানের সকল বৈশিষ্ট্য বিদ্যমান । চালের আকার আকৃতি বাসমতির মত লম্বা
ও চিকন থাকায় বিদেশে রপ্তানীযোগ্য । জাতটি দেশীয় বাজারে জিরা ধানের বিকল্প হিসাবে গ্রহণযোগ্যতা পাবে।",জাতটির জীবন কাল ১৪০-১৪৫ দিন ।,হেক্টরে ৬.০-৬.৫টন । উপযুক্ত পরিচর্ষা ও অনুকূল পরিবেশে সর্বোচ্চ ৮.০ টন/হেক্টর ফলন দিতে সক্ষম |,"১. বীজ বপনের সময় 8 বীজ বপনের উপযুক্ত সময় ১- ১৫ অগ্রহায়ণ (১৫ -৩০ নভেম্বর) ।
২. চারার বয়স ও সংখ্যা 8 ৩৫-৪০ দিনের চারা প্রতি গুছিতে ৩টি ।
৩. রোপন দুরত্ব ঃ ২৫১১৫ সেমি
৪. চাষের উপযুক্ত জমি 8 মাঝারি উচু থেকে উচু জমি এ ধান চাষের জন্য উপযুক্ত ৷ তবে ধানের উচ্চতা খাটো বিধায় নীচু জমিতেও চাষ করা
যেতে পারে।

৫. সার ব্যবস্থাপনা (কেজি/বিঘা)ঃ
৫.১ ইউরিয়া টিএসপি এমপি জিপসাম দস্তা
৩০ ১৩ ২০ ১৫ ১.৫

৫.২ সর্বশেষ জমি চাষের সময় সবটুকু টিএসপি, অর্ধেক এমপি, জিপসাম এবং জিংক সালফেট প্রয়োগ করা উচিত । ইউরিয়া সার তিন
কিস্তিতে যথা রোপনের ১০-১৫ দিন পর ১ম কিস্তিতে ৫০%, ২৫-৩০ দিন পর ২য় কিস্তিতে ৩০% এবং ৪০-৪৫ দিন পর শেষ কিস্তিতে
২০% উপরি প্রয়োগ করতে হবে ৷ এমওপি সারের বাকী অর্ধেক শেষ কিস্তি ইউরিয়ার সাথে প্রয়োগ করতে পারে ।

৬. আগাছাদমনঃ চারা রোপণের পর অন্তত ৩৫-৪০ দিন পর্যন্ত জমি আগাছামুক্ত রাখতে হবে ।

৭. রোগ বালাই ও পোকামাকড় দমন £ ৰ্র ধান৮”১ এ রোগবালাই ও পোকামাকড়ের আক্রমণ প্রচলিত জাতের চেয়ে অনেক কম হয় । তবে
রোগবালাই ও পোকামাকড়ের আক্রমণ দেখা দিলে অনুমোদিত বালাই দমন ব্যবস্থাপনা অনুসরণ করতে হবে ।
৮. ফসল কাটা £ ধান কাটার উপযুক্ত সময় হলো ২৫ চৈত্র- ৫ বৈশাখ (৮-১৮ এপ্রিল) ।"
ব্রি ধান৮৪ ,"ব্রি ধান৮”৪ এর কৌলিক সারি 87২7831-59-1-1-4-5-1-9-7১1. উক্ত কৌলিক সারিটি বাংলাদেশ ধান গবেষণা ইনস্টিটিউট,
গাজীপুরে 87২1২101)0729/]২68144//37২1২] 018728///37২11 সংকরায়নের পর বংশানুক্রম সিলেকশন (7১918769
991906107) এর মাধ্যমে উদ্ভাবন করা হয়েছে । বাংলাদেশ ধান গবেষণা ইনস্টিটিউট এর গবেষণা মাঠে হোমোজাইগাস কৌলিক সারি
নির্বাচনের পর ব্রির বিভিন্ন আঞ্চলিক কার্যালয় এবং কৃষকের মাঠে ২ বসর ফলন পরীক্ষার পর ২০১৭ সালে জাতীয় বীজ বোর্ডের মাঠ
মুল্যায়ন দল কর্তৃক কৃষকের মাঠে ফলন পরীক্ষা মূল্যায়ন করা হয়। দেশের বিভিন্ন অঞ্চলে ফলন পরীক্ষায় সন্তোষজনক ফলাফল
পাওয়ায় কৃষকের মাঠে বোরো মৌসুমে চাষাবাদের জন্য জাতীয় বীজ বোর্ড কর্তৃক ২০১৭ সালে জাতটি ছাড়করণ করা হয় ।","» বি ধান৮”৪ এ আধুনিক উফশী ধানের সকল বৈশিষ্ট্য বিদ্যমান
» এ জাতের প্রধান বৈশিষ্ট্য হলো চালের রং হালকা লালচে
» পূর্ণ বয়স্ক গাছের উচ্চতা ৯৬ সেঃমিঃ
» ১০০০)টি পুষ্ট ধানের ওজন প্রায় ২২.৮ গ্রাম
টু ১ এ ধানের আমাইলোজ ২৫.৯%
» এ জাতের চালে শতকরা ৯.৭ ভাগ প্রোটিন রয়েছে

» প্রতি কেজি চালে ২৭.৬ মিলিগ্রাম জিঙ্ক এবং ১০.১ মিলিগ্রাম আয়রন রয়েছে ।",,"জাতটির জীবন কাল ১৪০-১৪৫ দিন। 
প্রচলিত জাতের তুলনায় এর বৈশিষ্ট্যঃ
ব্রি ধান”৪ এর জীবনকাল ৰি ধান২৮ এর চাইতে ২-৩ দিন কম। এ জাতের ডিগ হেলানো ও লম্বা । পরিপক্ক অবস্থায় ধানের শিষ ডিগ পাত
উপরে থাকে বিধায় ক্ষেত দেখতে খুব আকর্ষনীয় হয়।",এ জাতটি হেক্টরে ৬.০-৬.৫ টন পর্যন্ত ফলন দিতে সক্ষম ৷ উপযুক্ত পরিচর্যা ও অনুকুল পরিবেশে সর্বোচ্চ ৮.০ টন/হেক্টর ফলন দিতে সক্ষম ।,"১. বীজ বপনের সময় $ বীজ বপনের উপযুক্ত সময় ১৫-৩০ নভেম্বর (০১-১৬ অগ্রহায়ন) ।

২.চারার বয়স ৪৩৫-৪০ দিন |
৩. চারার সংখ্যা £ গোছা প্রতি ২/৩টি করে।
8৪. রোপন দুরত্ব ঃ ২৫১১৫ সেমি

৫. সার ব্যবস্থাপনা (কেজি/বিঘা)
৫.১ ইউরিয়া টিএসপি এমপি জিপসাম দস্তা
৩৪ ১৩ ১৬ ১৪ ১.৩

৫.২ সর্বশেষ জমি চাষের সময় টিএসপি, অর্ধেক এমপি, জিপসাম এবং জিংক সালফেট প্রয়োগ করা উচিত । ইউরিয়া সার সমান তিন কিস্তিতে
যথা রোপনের ১০-১৫ দিন পর ১ম কিস্তি, ২৫-৩০ দিন পর ২য় কিস্তি এবং ৪০-৪৫ দিন পর ৩য় কিস্তি প্রয়োগ করতে হবে । বাকী অর্ধেক এমপি
২য় কিস্তি ইউরিয়ার সাথে প্রয়োগ করতে হবে ।

8৬. আগাছা দমন ঃ রোপনের পর অন্তত ৪০-৪৫ দিন পর্যন্ত জমি আগাছা মুক্ত রাখতে হবে ।
চি ৭. আগাছা দমনঃ থোড় অবস্থা থেকে দুধ অবস্থা পর্যন্ত জমিতে পযাপ্ত রস বা পানি রাখতে হবে ।

৮. রোগ বালাই ও পোকামাকড় দমন ঃ বি ধান৮”৪ এ রোগ বালাই ও পোকামাকড়ের আক্রমণ প্রচলিত জাতের চেয়ে অনেক কম হয় । তবে
রি রোগবালাই ও পোকা মাকড়ের আক্রমণ দেখা দিলে সমন্বিত বালাই দমন ব্যবস্থাপনা অনুসরণ করতে হবে ।
৯. ফসল কাটা £ ধান কাটার উপযুক্ত সময় ২২ চৈত্র থেকে ০৭ বৈশাখ (০৫ এপ্রিল থেকে ২০ এপ্রিল)। শীষের শতকরা ৮০ ভাগ ধান পেকে
গেলে দেরি না করে ধান কেটে নেয়া উচিত ।"
বি ধান৮৬,"বি ধান৮৬ এর কৌলিক সারি 37২010)8072-408-1-1-3-1-]1 | প্রথমে
ইরান থেকে সংগৃহীত জাত 11979 এর সাথে বাংলাদেশ ধান গবেষণা
ইনস্টিটিউট কর্তৃক উডভাবিত কৌলিক সারি [3]২802-78-2-1-1 এর
সংকরায়ণ করা হয়। পরবর্তীতে 7 56761811017 এ গ্যন্থার কালচার পদ্ধতি
(জীব প্রযুক্তি) ব্যবহার করে হোমোজাইগাস গাছ তৈরি করা হয় । বাংলাদেশ ধান
গবেষণা ইনস্টিটিউট এর গবেষণা মাঠে উক্ত কৌলিক সারিটির ৫ বৎসর ফলন
পরীক্ষা করার পর বোরো ২০১৫-১৬ মৌসুমে বাংলাদেশের বিভিন্ন এলাকায়
কৃষকের মাঠে ফলন পরীক্ষা হয়। ফলন পরীক্ষা সন্তোষজনক হওয়ায় কৃষকের
মাঠেবোরো মৌসুমে চাষাবাদের জন্য জাতীয় বীজ বোর্ড কর্তৃক ২০১৭ সালে
জাতটি ছাড়করণ করা হয় ।","” পূর্ণ বয়স্ক গাছের গড় উচ্চতা ৯৫ সেঃ মিঃ।
৮» গাছের কান্ড শক্ত তাই ঢলে পড়েনা ।

৮» পাতাগাট সবুজ এবং ডিগ পাতা খাড়া ।

৮» দানার মাথা সামান্য বাকা কিন্তু চাল সোজা ও লম্বা। দানা লম্বা ও চিকন। দানার রং খড়ের মত, ধানের ছড়ার অগ্রভাগের ৩-৫
দানায় খুব ক্ষুদ্র শুঙ্গ থাকে ।

৮» ১০০০টি পুষ্ট ধানের ওজন প্রায় ২২.৮গ্রাম ।

৮» চালের আকার আকৃতি লম্বা ও চিকন এবং ভাত ঝরঝরা ও খেতে সুস্বাদু ।
» আযামাইলোজ ২৫% এবংচালে প্রোটিন এর পরিমাণ ১০.১%।","গাছ খাট ও গোড়া শক্ত হবার কারণে ঢলে পড়েনা বিধায় হারভেষ্টারের মাধ্যমে ফসল কর্তনের জন্য বিশেষভাবে উপযোগী । চালের আকার আকৃতি
লম্বা ও চিকন থাকায় কৃষক ধানের দাম বেশী পাবে । এছাড়াও চাল সরু হওয়ায় এ ধানের চাল বিদেশে রপ্তানীযোগ্য।",এ জাতের জীবন কাল ১৪০-১৪৫ দিন।,এ জাতটি হেক্টরে ৬.০-৬.৫০ টন পর্যন্ত ফলন দিতে সক্ষম । উপযুক্ত পরিচর্যা পেলে ৭.৭৮ টন/হেন্টর পর্যন্ত ফলন দিতে সক্ষম ।,"
এ জাতটি বোরো মৌসুমে সেচ নির্ভর চাষাবাদ উপযোগী | এ ধানের চাষাবাদ অন্যান্য উফশী বোরো ধানের মতই ।
১. বীজ বপনের সময় ঃ বীজ বপনের উপযুক্ত সময় ১৫ নভেম্বর-৭ ডিসেম্বর পর্যন্ত (১-২৩ অগ্রহায়ন)।

২. চারারবয়সঃ ৩৫-৪০ দিন।

৩. রোপন দুরত্ব ঃ ২০১১৫ সেমি

৪. চারা রোপনের সময়ঃ ২৫ ডিসেম্বর-১৫ই জানুয়ারী পর্যন্ত (১১ অগ্রহায়ন -০২ মাঘ)

৫. চারার সংখ্যা ঃ প্রতি গুছিতে ২/৩টি করে ।

৬. সার ব্যবস্থাপনা (কেজি/বিঘা)ঃ

৬.১ ইউরিয়া টিএসপি এমপি জিপসাম দস্তা
৩৫-৪০ ১২-১৪ ১৫-২০ ১২-১৫ ১-১.৫
৬.২ সর্বশেষ জমি চাষের সময় সবটুকু টিএসপি, অর্ধেক এমপি, জিপসাম এবং জিংক সালফেট প্রয়োগ করতে হবে । ইউরিয়া সার সমান তিন

কিস্তিতে যথা- রোপনের ১০-১৫ দিন পর ১ম কিস্তি, ২৫-৩০ দিন পর ২য় কিস্তি এবং ৪০-৪৫ দিন পর ৩য় কিস্তি প্রয়োগ করতে হবে । বাকী অর্ধেক
এমপি তৃতীয় কিস্তি ইউরিয়ার সাথে প্রয়োগ করতে হবে ।

৭. আগাছা দমনঃ চারা রোপণের পর অন্তত ৪০-৪৫ দিন পর্যন্ত জমি আগাছামুক্ত রাখতে হবে ।
৮, সেচব্যবস্থাপনা ঃ থোড় অবস্থা থেকে দুধ অবস্থা পর্যন্ত জমিতে পর্যাপ্ত রসের ব্যবস্থা রাখতে হবে । তবে এডাব্লিউডি পদ্ধতি ব্যবহার করা উত্তম ।
৯. রোগ বালাই ও পৌকামাকড় দমন ঃ ব্রি ধান৮৬ এ রোগ বালাই ও পোকামাকড়ের আক্রমণ প্রচলিত জাতের চেয়ে অনেক কম হয় । তবে

রোগবালাই ও পোকা মাকড়ের আক্রমণ দেখা দিলে সমন্বিত বালাই দমন ব্যবস্থাপনা ব্যবহার করা উচিৎ। রোগবালাই ও পোকামাকড়ের আক্রমণ
বেশি হলে অনুমোদিত বালাইনাশক প্রয়োগ করতে হবে ।

১০. ফসল কাটা ঃ ধান কাটার উপযুক্ত সময় হলো ২৩ চৈএ-৭ বৈশাখ (৭ এপ্রিল-২০ এপ্রিল) ।"
ব্রি ধান৮৮,"ব্রি ধান৮৮ বোরো মৌসুমের স্বল্প মেয়াদি ধানের জাত। এর 13.
কৌলিক সারি ৪31 0118129-503-28-16-10-8- 7
11131 (00117). উক্ত কৌলিক সারিটি সোমাক্লোনাল ভ্যারিয়েশনের ১১
মাধ্যমে উদ্ভাবিত এবং প্রচলিত পদ্ধতিতে কোলিক বাছাই এর ॥
মাধ্যমে ও পরবর্তীতে ব্রি আঞ্চলিক কার্যালয় কুমিল্লায় শীষ থেকে ৯
সারি পদ্ধতিতে চূড়ান্ত কৌলিক সারি নির্বাচন করা হয় । বির বিভিন্ন
আঞ্চলিক কার্যালয় এবং দেশের বিভিন্ন অঞ্চলে (বি ধান২৮ জাতের
চাষাবাদ এলাকা) ফলন পরীক্ষায় সন্তোষজনক হওয়ায় জাতীয়
বীজ বোর্ড কর্তৃক বোরো মৌসুমের জন্য ২০১৮ সালে বি ধান৮৮
জাত হিসাবে ছাড়করণ করা হয় ।","» ব্রি ধান৮৮ এ আধুনিক উফশী ধানের সকল বৈশিষ্ট্য বিদ্যমান । বি ধান৮৮
» এ জাতটি ব্রি ধান২৮ এর চেয়ে খাটো এবং ঢলে পড়া সহিঞ্চু। 
৮ ডিগপাতা খাড়া, লম্বা এবং ধান পাকার পরে সবুজ থাকে।

” চালের আকার-আকৃতি মাঝারি চিকন ও ভাত ঝরঝরে ।

» চালে আযামাইলোজের পরিমাণ ২৬.৩% এবং প্রোটিন ৯.৮% ।

৮ ১০০০ টি পুষ্ট ধানের ওজন ২২.১ গ্রাম ।

” জাতের অন্যতম বৈশিষ্ট্য হলো শীষ থেকে ধান ঝরে পড়ে না।","ব্রিধান৮৮ এর জীবনকাল ব্রি ধান২৮ এর চেয়ে ৩-৪ দিন আগাম হওয়ায় হাওর অঞ্চলে চাষাবাদ করা যেতে পারে । এ জাতটি ঢলে পড়া প্রতিরোধ
ক্ষমতা সম্পন্ন ও শীষ থেকে ধান ঝরে পড়ে না বিধায় যন্ত্রের সাহায্যে ধান কাটা যেতে পারে।",জাতটির জীবন কাল ১৪০-১৪৩ দিন।,প্রতি হেক্টরে গড়ে ৭.০টন এবং উপযুক্ত পরিচর্ধা পেলে প্রতি হেক্টরে ৮.৫ টন/হেক্টর পর্যন্ত ফলন দিতে সক্ষম ।,"
১. বীজ তলায় বীজ বপন £ বীজ বপনের উপযুক্ত সময় হলো ০১-১৬ অগ্রহায়ণ অর্থাৎ (১৫-৩০ নভেম্বর) ।
২. চারার বয়স ও রোপণদুরতৃঃ ৩৫-৪০ দিনের চারা ২৫ সেমি * ১৫ সেমি ব্যবধানে রোপন করতে হবে ।
৩. চারার সংখ্যাঃ প্রতি গোছায় ২-৩টি করে।

৪. চাষের জন্য উপযুক্ত জমিঃ মাঝারি উচু থেকে উচু জমি এ ধান চাষের জন্য উপযুক্ত।

৫. সার ব্যবস্থাপনা (কেজি/বিঘা)ঃ
৫.১ ইউরিয়া টিএসপি এমপি জিপসাম দস্তা জিংক সালফেট)

৩৩ ১৩ ২০ ১৫ ১.৫
৫.২ সর্বশেষ জমি চাষের সময় সবটুকু টিএসপি, অর্ধেক এমওপি, জিপসাম এবং জিংক সালফেট সার একসাথে মিশিয়ে দিতে হবে । ইউরিয়া সার
তিন কিস্তিতে যথা- রোপনের ১০-১৫ দিন পর ১ম কিস্তিতে ৫০%, ২৫-৩০ দিন পর ২য় কিস্তিতে ৩০% এবং ৪০-৪৫ দিন পর ৩য় বা শেষ
কিস্তিতে ২০% প্রয়োগ করতে হবে । এমওপি সারের বাকী অর্ধেক ৩য় কিস্তি ইউরিয়ার সাথে প্রয়োগ করতে হবে ।

৬. আগাছা দমন £ রোপণের পর ৪০-৪৫ দিন পর্যন্ত জমি আগাছামুক্ত রাখতে হবে ।

৭. সেচ ব্যবস্থাপনা £ থোড় অবস্থা থেকে দুধ অবস্থা পর্যন্ত জমিতে পর্যাপ্ত রসের ব্যবস্থা রাখতে হবে । তবে এডাব্রিউডি পদ্ধতি ব্যবহার করা উত্তম |
৮. রোগ বালাই ও পোকামাকড় দমন ঃ বি ধান৮৮ এ রোগ বালাই ও পোকামাকড়ের আক্রমণ প্রচলিত জাতের চেয়ে অনেক কম হয় । তবে
রোগবালাই ও পোকা মাকড়ের আক্রমণ দেখা দিলে বা আক্রান্ত বেশি হলে অনুমোদিত বালাইনাশক প্রয়োগ করতে হবে ।

৯. ফসল কাটা ঃ ২৫ চৈত্র থেকে ৩ বৈশাখ (৮-১৬ এপ্রিল) ধান কাটার উপযুক্ত সময় ।"
ব্রি ধান৮৯,"ব্রি ধান৮৯ এর কৌলিক সারি 81২(310)9786-02-59-1-2। প্রথমে ২০০৮ সালে
বাংলাদেশ ধান গবেষণা ইনস্টিটিউটের জীবপ্রযুক্তি বিভাগে বি ধান২৯ এর সাথে বন্য ধান 07/2
77177092097 (17২00103404) এর সংকরায়ণ করা হয়। পরবর্তীতে দুই বার ব্যাকক্রসিং
করার পর পেডিশ্রি পদ্ধতিতে হোমোজাইগাস কৌলিক সারি নির্বাচন করে এই সারিটি উদ্ভাবন করা
হয়। বাংলাদেশ ধান গবেষণা ইনস্টিটিউটের গবেষণা মাঠে নির্বাচিত কৌলিক সারিটি পর পর ৩
বৎসর ফলন পরীক্ষা করা হয় এবং পরবর্তী বোরো ২০১৬-১৭ মৌসুমে বাংলাদেশের বিভিন্ন
এলাকায় কৃষকের মাঠে পরীক্ষা করা হয়। কৌলিক সারিটির জীবনকাল ব্রি ধান২৯ এর চেয়ে ৩-৫ বি ধান৮৯
দিন কম এবং ফলন বেশী হওয়ায় প্রস্তাবিত জাত হিসেবে নির্বাচিত হয়। পরবীতে জাতীয় বীজ

বোর্ডের মাঠ মুল্যায়ন দল কর্তৃক বোরো ২০১৭-১৮ মৌসুমে ব্রি ধান২৯ এর সাথে কৃষকের মাঠে

প্রস্তাবিত জাতের ফলন পরীক্ষা সম্পন্ন করা হয়। কৃষকের মাঠে ফলন পরীক্ষায় সন্তোষজনক হওয়ায়

বোরো মৌসুমের জন্য ব্র ধান২৯ এর একটি পরিপূরক জাত হিসাবে চূড়ান্তভাবে নির্বাচন করা হয়।

সারিটি বোরো মৌসুমে কৃষকের মাঠে চাষাবাদের জন্য জাতীয় বীজ বোর্ড কর্তৃক ২০১৮ সালে ব্রি

ধান৮৯ জাত হিসাবে ছাড় করন করা হয়।","পূর্ণ বয়স্ক গাছের গড় উচ্চতা ১০৬ সেঃ মিঃ ।

এ জাতের কান্ড শক্ত, পাতা হালকা সবুজ এবং ডিগ পাতা চওড়া ।
ধানের ছড়া লম্বা এবং পাকার সময় কান্ড ও পাতা সবুজ থাকে ।
এর জীবনকাল ব্রি ধান২৯ এর চেয়ে ৩-৫ দিনআগাম।

১০০০ টি পুষ্ট ধানের ওজন প্রায় ২৪.৪ গ্রাম ।

এ ধানের আমাইলোজ ২৮.৫%।","এ জাতের বিশেষ প্রয়োজনীয়তা £ বি ধান৮৯ এর জীবনকাল বি ধান২৯ এর চেয়ে ৩-৫ দিন কম এবং ফলন বেশী । ফলন বেশী ও জীবনকাল
কম হওয়ায় যেসব এলাকায় বি ধান ২৯ চাষাবাদ হয় সেখানে সহজেই বি ধান ৮৯ চাষ করা যাবে ।",এ জাতের জীবন কাল ১৫৪-১৫৮ দিন ।,প্রতি হেকুরে গড়ে ৮.০ টন উপযুক্ত পরিচর্যা পেলে প্রতি ৯.৭ টন/হেকুর পর্যন্ত ফলন দিতে সক্ষম ।,"এ জাতটি বোরো মৌসুমে সেচ নির্ভর চাষাবাদ এলাকার জন্য উপযোগী । এ ধানের চাষাবাদ অন্যান্য উফশী বোরো ধানের মতই।
১. বীজ তলায় বীজ বপন ৪ বীজ বপনের উপযুক্ত সময় হলো ১৫ নভেম্বর পর্যন্ত অর্থাৎ ১৭ কার্তিক থেকে ১ অগ্রহায়ন।
২. চারা বয়স ও রোপন দূরত্ব: এ ধান ৪০-৪৫ দিনের চারা ২০ সেমি*২০ সেমি ব্যবধানে রোপন করতে হবে।
৩.চারা রোপন: ১৫ই ডিসেম্বর থেকে ১৩ই জানুয়ারি (৩০ পৌষ) ।
৪. চারার সংখ্যাঃ প্রতি গোছায় ২-৩টি করে।
€&. সার ব্যবস্গপনা (কেজি/বিঘা):
৫.১ ইউরিয়া টিএসপি এমওপি জিপসাম জিংক সালফেট
৩৫-৪০ ১২-১৪ ১৫-২০ ১২-১৫ ১-১.৬
৫.২ সর্বশেষ জমি চাষের সময় সবটুকু টিএসপি, জিপসাম, জিংক সালফেট ও দুই তৃতীয়াংশ এমওপি প্রয়োগ করতে হবে । ইউরিয়া সার
সমান তিন কিদ্তিতে যথা রোপনের ১৫-২০ দিন পর ১ম কিস্তি, ২৮-৩০ দিন পর ২য় কিস্তি এবং ৪৫-দিন পর ৩য় কিন্তি প্রয়োগ করতে হবে ।
বাকী এক তৃতীয়াংশ এমওঁপি দ্বিতীয় কিন্তি ইউরিয়ার সাথে প্রয়োগ করতে হবে।
৬. আগাছা দমন: রোপণের পর ৪০-৪৫ দিন পর্যন্ত জমি আগাছাযুক্ত রাখতে হবে ।
৭. সেচ ব্যবস্থাপনা: থোড় অবস্থা থেকে দুধ অবস্থা পর্যন্ত জমিতে পর্যাপ্ত রসের ব্যবস্থা রাখতে হবে । তবে এডাব্রিউডি পদ্ধতি ব্যবহার
করা উত্তম।
৮. রোগ বালাই দমন: ব্রি ধান৮৯ এ রোগ বালাই ও পোকামাকড়ের আক্রমণ প্রচলিত জাতের চেয়ে অনেক কম হয় । তবে রোগবালাই
ও পোকা মাকড়ের আক্রমণ দেখা দিলে সমন্বিত বালাই দমন ব্যবস্থাপনা ব্যবহার করা উচিৎ। রোগবালাই ও পোকামাকড়ের আক্রমণ
বেশি হলে অনুমোদিত বালাইনাশক প্রয়োগ করতে হবে।
৯. ফসল পাকা ও কাটা: ১৮ এপ্রিল- ৩০ মে (৫ বৈশাখ -২০ বৈশাখ) ধান কাটার উপযুক্ত সময় ।"
ব্রিধান৫৮,"ববি ধান৫৮এর কৌলিক সারি নং- 8হিবি। 018129-503-28-16-4-1112 | উক্ত
কৌলিক সারিটি সোমাক্লোনাল ভ্যারিয়েশনের মাধ্যমে উড্ভাবিত। উক্ত ভ্যারিয়েন্ট
প্রথমত ব্রি ধান২৯ এর চাল থেকে ল্যাবরেটরীতে টিসু কালচার পদ্ধতির মাধ্যমে পাওয়া
যায়। পরবতীতে উক্ত ভ্যারিয়েন্ট গ্রীণ হাউজে স্থানান্ত করে জম্বানোর ফলে প্রাপ্ত গাছ
থেকে বীজ সংগ্রহ করা হয়। উক্ত বীজ বর্ধন করে বৃহৎ পরিসরে জম্মানো হয় এবং
প্রচলিত পদ্ধতিতে কৌলিক বাছাই এর মাধ্যমে চুড়ান্ত কৌলিক সারি নির্বাচন করা হয়।
কৌলিক সারিটি প্রজনন প্রক্রিয়ায় পরীক্ষা নিরীক্ষা ও দেশের বিভিন্ন অঞ্চলে বোরো
মৌসুমে বি ধান২৮ ও ববি ধান২৯ জাতের চাষাবাদ উপযোগী এলাকায় ফলন পরীক্ষায়
সন্তোষজনক হওয়ায় ২০১২ সালে জাতীয় বীজ বোর্ড কর্তৃক বোরোর জাত হিসাবে
অনুমোদিত হয়।","» পূর্ণ বয়স্ক গাছের উচ্চতা ১০০-১০৫ সেমি । অঙ্গজ অবস্থায় গাছের আকার ও আকৃতি ব্রি ধান২৯ এর চেয়ে লম্বা ।
»৯ এ জাতের ডিগ পাতা হেলানো এবং লম্বা | ধান পরিপক্ক হওয়ার সাথে সাথে ডিগপাতা বেশি হেলে থাকে ।
৮ ধানের দানা অনেকটা ব্রি ধান২৯ এর মত তবে সামান্য চিকন ।
৯ ১০০০টি পুষ্ট ধানের ওজন প্রায় ২৪ গ্রাম ।
৯ পাকা ধানের রং খড়ের মত । চালের আকার আকৃতি প্রায় বি ধান২৯ এর মত।","ব্রিধান৫৮ এর জীবনকাল ব্রি ধান২৮ এর চেয়ে ৬-৭ দিন নাঁব কিস্ত ব্র ধান২৯ জাতের চেয়ে ৭-১০ দিন আগাম । ব্রি ধান৫৮ মাঝারী ঢলে পড়া প্রতিরোধ
ক্ষমতা সম্পন্ন যাবি ধান২৮-এ নাই । এ জাতের অন্যতম বৈশিষ্ট্য হলো শিষ থেকে ধান ঝরে পড়ে না। পরিপন্ধ শিষগ্ডলো ডিগপাতার উপরে অবস্থান করে
বিধায় পুরো ক্ষেত দেখতে খুব আকর্ষনীয় এবং অধিক ফলনশীল ।", এ জাতের জীবনকাল ১৫০-১৫৫ দিন।,উপযুক্ত পরিচর্যা পেলে ব্রি ধান৫৮ চাষে হেক্টরে ৭.০ টন থেকে ৭.৫ টন পর্যন্ত ফলন পাওয়া যায় ।,"
এ ধানের চাষাবাদ পদ্ধতি অন্যান্য উফশী বোরো ধানের জাতের মতই ।
১. বীজতলায় বীজ বপন: ২০ নভেম্বর থেকে ১৬ ডিসেম্বর অর্থাৎ ৫ অগ্রহায়ণ থেকে ১ পৌষ ।

২. চারার বয়স ও রোপণ: দুরতৃ: ৩৫-৪০ দিন এবং ২০১১৫ সেমি
৩. চারা রোপণ: ১ জানুয়ারি থেকে ২৫ জানুয়ারি (১৫ পৌষ থেকে ১০ মাঘ) ।
৪. চারার সংখ্যাঃ প্রতিগুছায় ২-৩টি
৫. সার ব্যবস্থাপনা (কেজি/বিঘা):
৫.১ ইউরিয়া টিএসপি এমপি জিপসাম জিংক
৩০-৪০ ৭-১৪ ৮-১৬ ৪-১১ ০.৭-১.৪

৫.২ সর্বশেষ জমি চাষের সময় সবটুকু টিএসপি, এমপি, জিংক সালফেট ও জিপসাম সার প্রয়োগ করা উচিত | ইউরিয়া সার সমান তিন
কিস্তিতে যথা রোপণের ১০-১৫ দিন পর ১ম কিস্তি, ৩০-৪০ দিন পর ২য় কিস্তি এবং ৫০-৬০ দিন পর ৩য় কিস্তি প্রয়োগ করতে হবে ।
জিংকের অভাব পরিলক্ষিত হলে জিংক সালফেট এবং সালফারের অভাব পরিলতি হলে জিপসাম ইউরিয়ার মত উপরি প্রয়োগ করতে
হবে । তবে এলসিসি ভিত্তিক ইউরিয়া সার প্রয়োগ করাই উত্তম |

. আগাছা দমন: রোপণের পর ৪০-৪৫ দিন পর্যন্ত জমি আগাছামুক্ত রাখতে হবে । |

৭. সেচ ব্যবস্থাপনা: থোড় অবস্থা থেকে দুধ অবস্থা পর্যন্ত জমিতে পর্যাপ্ত রসের ব্যবস্থা রাখতে হবে । তবে এডাব্রিউডি পদ্ধতি ব্যবহার করা
উত্তম।

৮. রোগ বালাই দমন: সমন্বিত বালাই ব্যবস্থাপনা অনুসরন করা উচিত | তবে রোগবালাই ও পোকামাকড়ের আক্রমণ বেশি হলে অনুমোদিত
বালাইনাশক প্রয়োগ করতে হবে ।

৯. ফসল পাকা ও কাটা: ৫-২০ বৈশাখ (১৮ এপ্রিল-৩ মে) ধান কাটার উপযুক্ত সময়।"
ব্রি ধান৩৬,"বাংলাদেশ ধান গবেষণা ইনস্টিটিউট দেশের ঠান্ডাপ্রবণ এলাকায় পরীক্ষা নিরীক্ষা করে এ জাতটি ইরি থেকে প্রবর্তন করেছে।
এটি ১৯৯৮ সালে বোরো মৌসুমে চাষাবাদের জন্য ব্রি ধান৩৬ নামে জাতীয় বীজ বোর্ডের অনুমোদন লাভ করে।","৪ চারা অবস্থায় ঠান্ডা সহনশীল।
৪ গাছের উচ্চতা ৯০-৯৫ সেন্টিমিটার।
৪ পাকার সময় পর্যন্ত গাছ সবুজ থাকে।
৪ চাল লম্বা ও চিকন ।
৪ ভাত ঝরঝরে এবং খেতে সুস্বাদু।
৪ চালে প্রোাটিনের পরিমাণ ৮.৭%।","বীজ বপনের সময় বোরো মৌসুমে যে সমস্ত এলাকায় তাপমাত্রা ১৫ ডিগ্রী সেন্টিগ্রেড এর নীচে নেমে যায় সে সমস্ত এলাকার
জন্য ব্রি ধান৩৬ খুবই উপযুক্ত।",জাতটির জীবনকাল ১৪০-১৪৫ দিন।,উপযুক্ত পরিচর্যা পেলে হেক্টরপ্রতি ৫.০-৫.৫ টন ফলন দিয়ে থাকে।,"১.
২.
৩.
বীজতলায় বীজ বপন
ঃ ১-১৫ অগ্রাহায়ন (১৫-৩০ নভেম্বর)।
রোপণের সময়
ঃ ১৫ পৌষ-১৫ মাঘ (জানুয়ারি)।
সার প্রয়োগ (কেজি/বিঘা) ঃ
ইউরিয়া
টিএসপি
এমপি
জিপসাম দস্তা
৩০-৪০
৭-১৪
৮-১৬
৪-১১ ০.৭-১.০
৩.১ ইউরিয়া সার তিন কিস্তিতে প্রয়োগ করতে হবে।
প্রথম উপরি প্রয়োগ - রোপণের ১৫-২০ দিন পর।
দ্বিতীয় উপরি প্রয়োগ - রোপণের ৩৫-৪০ দিন পর। ইউরিয়া প্রয়োগের পর সার মাটির সাথে মিশিয়ে দিতে হবে।
তৃতীয় উপরি প্রয়োগ ঃ রোপণের ৫০-৫৫ দিন পর।
৩.২ ইউরিয়া প্রয়োগের সঠিক সময় নির্ণয়ের জন্য লিফ কালার চার্ট ব্যবহার করতে হবে।
৪. আগাছা দমন
ঃ রোপণের ৪৫ দিন পর্যন্ত জমি আগাছামুক্ত রাখতে হবে।
৫. সেচ ব্যবস্থাপনা
ঃ দুধ অবস্থা পর্যন্ত জমিতে পর্যাপ্ত পানি রাখতে হবে।
৬. ফসল কাটা
ঃ ২০ চৈত্র-৫ বৈশাখ (১-১৫ এপ্রিল)।"
ব্রি ধান৪৫,"বাংলাদেশ ধান গবেষণা ইনস্টিটিউট ব্রি ধান৪৫ জাতটি সংকরায়ণ করে উদ্ভাবন করেছে। এটি ২০০৫ সালে বোরো মৌসুমে
চাষাবাদের জন্য জাতীয় বীজ বোর্ডের অনুমোদন লাভ করে। ব্রি ধান২৮ এর সমান জীবনকাল কিন্তু ফলন বেশী।","৪ গাছ ব্রি ধান২৮ এর চেয়ে অধিক মজবুত।
৪ গাছের উচ্চতা ৯৫-১০০ সেন্টিমিটার।
৪ ডিগপাতা লম্বা এবং খাড়া।
৪ ১০০০ ধানের ওজন ২৬ গ্রাম।
৪ চাল মাঝারি মোটা এবং সাদা।
৪ ভাত ঝরঝরে এবং সুস্বাদু।
৪ চালে প্রোটিনের পরিমাণ ৭.২%।",,এ জাতটির জীবনকাল ১৪০-১৪৫ দিন।,উপযুক্ত পরিচর্যা পেলে হেক্টরপ্রতি ৬.০-৬.৫ টন ফলন দিয়ে থাকে।,"১.
২.
৩.
বীজতলায় বীজ বপন
ঃ ১-১৫ অগ্রাহায়ন (১৫-৩০ নভেম্বর)।
রোপণের সময়
ঃ ১৫ পৌষ-১৫ মাঘ (জানুয়ারি)।
সার প্রয়োগ (কেজি/বিঘা) ঃ
ইউরিয়া টিএসপি এমপি
জিপসাম
দস্তা
৩০-৪০ ৭-১৪
৮-১৬
৪-১১
০.৭-১.০
৩.১ ইউরিয়া সার সমান তিন কিস্তিতে প্রয়োগ করতে হবে।
প্রথম উপরি প্রয়োগ ঃ রোপণের ১৫-২০ দিন পর।
দ্বিতীয় উপরি প্রয়োগ ঃ রোপণের ৩৫-৪০ দিন পর। ইউরিয়া প্রয়োগের পর সার মাটির সাথে মিশিয়ে দিতে হবে।
তৃতীয় উপরি প্রয়োগ ঃ রোপণের ৫০-৫৫ দিন পর।
৩.২ ইউরিয়া প্রয়োগের সঠিক সময় নির্ণয়ের জন্য লিফ কালার চার্ট ব্যবহার করতে হবে।
৪. আগাছা দমন
ঃ রোপণের ৪৫ দিন পর্যন্ত জমি আগাছামুক্ত রাখতে হবে।
৫. সেচ ব্যবস্থাপনা
ঃ ধানের থোর অবস্থা থেকে দুধ অবস্থা পর্যন্ত জমিতে পর্যাপ্ত পানি রাখতে হবে।
৬. ফসল কাটা
ঃ ২০-২৫ চৈত্র (১-৭ এপ্রিল)।
মন্তব্য
আগাম জাতের চাষে অধিক ফলন পেতে ব্রি ধান৪৫ এর আবাদ করুন।"
ব্রি ধান ৪৭,"২০০৬ সালে জাতটি চাষাবাদের জন্য জাতীয় বীজ বোর্ড কর্তৃক অনুমোদন লাভ
করে । বি ধান৪৭ বাংলাদেশের লবণাক্ত এলাকায় বোরো মৌসুমে চাষাবাদের জন্য
অনুমোদন করা হয়েছে।","৮» এটি লবণাক্ততা সহিষ্ঞু জাত।

৮» গাছের উচ্চতা ১০৫ সেমি ।

মো
ব্রি ধান ৪৭.

 

বি ধান৪৭

৮» ডিগ পাতা চওড়া, লম্বা ও খাড়া ।

» চাল মাঝারি মোটা এবং পেটে সাদা দাগ আছে।

» এ জাতটি চারা অবস্থায় উচ্চ মাত্রা (১২-১৪ ডিএস/মিটার) লবণাক্ততা সহনশীল ।
৮ বয়স্ক অবস্থায় নিয় হতে মধ্যম মাত্রা ৬ ডিএস/মিটার) লবণাক্ততা সহনশীল ।","বাংলাদেশের উপকূলীয় অঞ্চলের প্রায় ৮.৫ লক্ষ হেক্টর জমি বিভিন্ন মাত্রার লবণাক্ততা কবলিত । ধান সাধারণত লবণাক্ততা
সংবেদনশীল ফসল । এ কারণে লবনাক্ত এলাকায় বিশেষত বোরো মৌসুমে উফশী ধান চাষাবাদ ব্যাহত হয় । বোরো মৌসুমে
প্রধানত প্রথম দিকে অথ্যাৎ চারা অবস্থায় লবণাক্ততা বেশী থাকে । এ অবস্থায় ব্রি ধান৪৭ আবাদ করে কৃষকগণ ব্রি ধান২৮ বা
অন্যান্য বোরো ধানের চাইতে অধিক ফলন পাবেন ।",জাতটির জীবনকাল ১৫২ দিন।,লবণাক্ত পরিবেশে হেক্টর প্রতি ৬.০ টন ফলন দিতে সক্ষম ।,"১-১৫ অগ্াহায়ণ (১৫-৩০ নভেম্বর)।
৩৫-৪০ ।
. রোপণদূরতৃ ২০১১৫ সেমি ।
. সার (কেজি/বিঘা)ঃ
৪.১ ইউরিয়া টিএসপি এমপি জিপসাম জিঙ্ক
২৫ ১৩ ৯ ৮ ১.৫
৪.২ ইউরিয়া সার সমান তিন কিস্তিতে জমি তৈরির শেষ পর্যায়ে, রোপণের ২০-২৫ এবং ৪৫-৬০ দিন পর প্রয়োগ করতে
হবে । তবে এলসিসি ভিত্তিক ইউরিয়া সার প্রয়োগ করা উত্তম ।
৪ রোপণের পর অন্তত ৪০ দিন পর্যন্ত জমি আগাছামুক্ত রাখতে হবে ।
অনুমোদিত নিয়ম অনুসরণ করা আবশ্যক ।
8 অনুমোদিত দমন ব্যবস্থা গ্রহণ করতে হবে।
8 ২০চৈত্র-৫ বৈশাখ (১-১৫ এপ্রিল)।

০০ 5 // ২
০9 ০০ ০০

৫. আগাছাদমন
৬. সেচব্যবস্থাপনা"
ব্রি ধান৫০,"বাংলাদেশ ধান গবেষণা ইনস্টিটিউট
ফ্যাক্ট শীটঃ বোরো ধানের জাত
বাংলাদেশ ধান গবেষণা ইনস্টিটিউট পরীক্ষা নিরীক্ষা করে উচু জমি এবং
সেচ সুবিধা ভালো এমন জমির জন্য ব্রি ধান৫০ অনুমোদন করেছে। এটি
২০০৮ সালে বোরো মৌসুমে চাষাবাদের জন্য ব্রি ধান৫০ নামে জাতীয়
বীজ বোর্ডের অনুমোদন লাভ করে। এ জাতের জনপ্রিয় নাম বাংলামতি।
এটি বোরো মৌসুমের একমাত্র সুগন্ধিযুক্ত আধুনিক জাত।","৪ গাছের উচ্চতা ৮২ সেন্টিমিটার।
৪ গাছ হেলে পড়ে না।
৪ চাল লম্বা, চিকন, সুগন্ধি ও সাদা।
৪ ভাত ঝরঝরে।
৪ চালে প্রোটিনের পরিমাণ ৮.২%।","এ জাতের চালে সুগন্ধি আছে এবং চালের মান বাসমতির মত। ধান ও চাল সহজেই দৃষ্টি আকর্ষন করে। তবে চাউল তৈরীর ক্ষেত্রে
বিশেষ পদ্ধতি এবং সতর্কতা অবলম্বন করতে হবে।",এ জাতের জীবনকাল বীজ বপন থেকে পাকা পর্যন্ত ১৫৫ দিন।,ফলন হেক্টরপ্রতি ৬.০ টন।,"১. বীজতলায় বীজ বপন
ঃ ১০-২০ কার্তিক (২৫ অক্টোবর - ৫ নভেম্বর)।
২. রোপণের সময়
ঃ ১৫ পৌষ - ১৫ মাঘ (জানুয়ারি)।
৩. সার প্রয়োগ (কেজি/বিঘা) ঃ
ইউরিয়া
টিএসপি
এমপি
জিপসাম
দস্তা
৩০-৪০
৭-১৪
৮-১৬
৪-১১
০.৭-১.০
৩.১ ইউরিয়া সার সমান তিন কিস্তিতে প্রয়োগ করতে হবে।
প্রথম উপরি প্রয়োগ ঃ রোপণের ১৫-২০ দিন পর।
দ্বিতীয় উপরি প্রয়োগ ঃ রোপণের ৩৫-৪০ দিন পর। ইউরিয়া প্রয়োগের পর সার মাটির সাথে মিশিয়ে দিতে হবে।
তৃতীয় উপরি প্রয়োগ ঃ রোপণের ৫০-৫৫ দিন পর।
৩.২ ইউরিয়া প্রয়োগের সঠিক সময় নির্ণয়ের জন্য লিফ কালার চার্ট ব্যবহার করতে হবে।
৪. আগাছা দমনঃ রোপণের ৪৫ দিন পর্যন্ত জমি আগাছামুক্ত রাখতে হবে।
৫. সেচ ব্যবস্থাপনাঃ দুধ অবস্থা পর্যন্ত জমিতে প্রয়োজন মাফিক পানি রাখতে হবে।
৬. ফসল কাটা ঃ ২৫ চৈত্র - ৫ বৈশাখ (১-১৫ এপ্রিল)।
মন্তব্য: ধান উপযুক্ত সময়ে কর্তন ও মাঠ থেকে পরিবহণে সতর্কতা অবলম্বন করতে হবে।"
ব্রি ধান৫৫,"বাংলাদেশ ধান গবেষণা ইনস্টিটিউট এই জাতটি উদ্ভাবন করে। বিভিন্ন পরীক্ষা
নিরীক্ষায় জাতটি বোরো ও আউশ মৌসুমে চাষাবাদের জন্য নির্বাচন করা হয়। এ
জাতটি ২০১১ সালে জাতীয় বীজ বোর্ড কর্তৃক অনুমোদন লাভ করে। বেরো
মৌসুমের চাষাবাদ পদ্ধতি নিম্নে দেয়া হল।","৪ এটি আগাম জাত।
৪ অধিক ফলনশীল।
৪ গাছের উচ্চতা ১০০ সেন্টিমিটার।
৪ চাল লম্বা, মাঝারি চিকন ।
৪ এক হাজার ধানের ওজন ২৩.৫ গ্রাম।
৪ চালে প্রোটিনের পরিমাণ ৮.৩%।
৪ চালে এম্যাইলোজের পরিমাণ ২২%।","ব্রি ধান৫৫ মাঝারি লবণ (৮-১০ ডিএস/মিটার ৩ সপ্তাহ পর্যন্ত) সহনশীল এবং মাঝারী ঠান্ডা ও খরা সহিষ্ণু জাত। অতএব, এ
জাতটি ঠান্ডা প্রবণ এলাকায় বোরো মৌসুমে চাষাবাদ করা সম্ভব। জাতটি আগাম হলেও অধিক ফলনশীল।",এ জাতের জীবনকাল ১৪৫ দিন।,এ জাতের গড় ফলন হেক্টর প্রতি ৭.০ টন।,"১. বীজতলায় বীজ বপন : ১-১৫ অগ্রহায়ণ (১৫ নভেম্বর-৩০ নভেম্বর)।
২. চারার বয়স
: ৩৫-৪০ দিনের চারা ।
৩. চারা রোপণ
: ৫-১৫পৌষ (২০-৩০ ডিসেম্বর) রোপণের উপযুক্ত সময়।
৪. চারার সংখ্যা: প্রতি গুছিতে ২/৩ টি।
৫. রোপণ দুরত্ব: ২০ ী ১৫ সেন্টিমিটার।
৬. সার ব্যবস্থাপনা (কেজি/বিঘা)
ইউরিয়া টিএসপি এমপি
জিপসাম
জিংক
৬.১ মোট সার
৩০-৪০ ৭-১৪
৮-১৬
৪-১১
০.৭-১.০
৬.২
ইউরিয়া সার দুইবার উপরি প্রয়োগ করতে হবে।
প্রথম উপরি প্রয়োগ রোপণের ১৫-২০ দিন পর।
দ্বিতীয় উপরি প্রয়োগ রোপণের ৩০-৩৫ দিন পর।
ইউরিয়া সার প্রয়োগের পর মাটির সাথে মিশিয়ে দিতে হবে।
৬.৩ ইউরিয়া প্রয়োগে লিফ কালার চার্ট (এলসিসি) ব্যবহার করা উচিত।
৭. আগাছা দমন: রোপণের পর ৪০ দিন পর্যন্ত জমি আগাছা মুক্ত রাখতে হবে।
৮. সেচ ব্যবস্থাপনা: থোর অবস্থা থেকে দুধ অবস্থা পর্যন্ত জমিতে পর্যাপ্ত রস বা পানি রাখতে হবে।
৯. রোগ বালাই দমন: রোগ ও পোকার জন্য অনুমোদিত বালাই ব্যবস্থাপনা অনুসরণ করা আবশ্যক।
১০. ফসল পাকা ও কাটা : ২৫ চৈত্র-১০ বৈশাখ (১০-২৫এপ্রিল) ধান কাটার উপযুক্ত সময়।"
ব্রি হাইব্রিড ধান২,"ব্রি হাইব্রিড ধান২ বোরো মৌসুমে চাষ উপযোগী ব্রি উদ্ভাবিত একটি হাইব্রিড ধান। ইহার কৌলিক সারি বিআর১০এইচ। জাতটি
২০০৮ সালে জাতীয় বীজবোর্ড কর্তৃক অনুমোদ লাভ করে।","৪গাছের উচ্চতা ১০৫ সেমি।
৪এর কান্ড ও পাতা ঘন সবুজ এবং খাড়া।
৪চাল মাঝারি মোটা এবং ভাত ঝরঝরে
৪এ জাতের চালে ৯.০% প্রোটিন ও ২৩.৩% এম্যাইলোজ রয়েছে।",,এ জাতের জীবনকাল ১৪৫ দিন।,গড় ফলন ৮.০ টন/হেক্টর।,"১. বীজতলায় বীজ বপন ঃ ১-৩০ অগ্রাহায়ণ (১৫ নভেম্বর-১৫ ডিসেম্বর)।
২. চারা রোপণ
ঃ ১-৩০ পৌষ (১৫ ডিসেম্বর-১৫ জানুয়ারি)।
৩. বীজের হার
ঃ ১৫-২০ কেজি/হেক্টর।
৪. চারার বয়স
ঃ ৩০-৩৫ দিন।
৫. রোপণ দূরত্ব
ঃ ২০ ী ১৫ সেন্টিমিটার।
৬. প্রতি গোছায় চারা
ঃ ১-২ টি।
৭. সার ব্যবস্থাপনা (কেজি/বিঘা)ঃ
ইউরিয়া
টিএসপি এমপি জিপসাম দস্তা
৩৬
১৭
১৬
৯
১
মোট সার
৭.১ জমি তৈরির সময়
১২
১৭
১১
৯
১
৭.২ চারা রোপণের ১৫-২০ দিন পর
১২
৫
৭.৩ চারা রোপণের ৪০-৪৫ দিন পর
১২
(ইউরিয়া সার সমান ৩ ভাগে ভাগ করে ১ম কিস্তি জমি তৈরির সময়, ২য় কিস্তি চারা রোপণের ১৫-২০ দিন পর
এবং ৩য় কিস্তি চারা রোপনের ৪০-৪৫ দিন পর উপরি প্রয়োগ করতে হবে। তবে এলসিসি ভিত্তিক ইউরিয়া
প্রয়োগ করাই উত্তম)।
৮. আগাছা দমন
ঃ রোপণের ৪৫ দিন পর্যন্ত জমি আগাছামুক্ত রাখতে হবে।
৯. সেচ ব্যবস্থাপনা
ঃ ধানের দুধ অবস্থা পর্যন্ত জমিতে যথেষ্ট পরিমাণ রসের ব্যবস্থা রাখতে হবে।
১০.রোগবালাই দমন
ঃ অনুমোদিত বালাই ব্যবস্থাপনা অনুসরণ করতে হবে।
১১.ফসল কাটা
ঃ ২৫ চৈত্র - ৫ বৈশাখ (৫-১০ এপ্রিল)। ৮০% ধান পেকে গেলে কাটতে হবে।"
ব্রি হাইব্রিড ধান৩,"ব্রি হাইব্রিড ধান৩ বোরো মৌসুমের জন্য চাষ উপযোগী ব্রি উদ্ভাবিত একটি
জাত। ইহার কৌলিক সারি বিআরএইচ২। জাতটি ২০০৯ সালে জাতীয়
বীজ বোর্ড কর্তক অনুমোদন লাভ করে।","এটি একটি আগাম জাত।
গাছের উচ্চতা ১১০ সেন্টিমিটার।
চাল মাঝারি মোটা।
ভাত ঝরঝরে।",,এর জীবন কাল ১৪৫ দিন।,এই জাতের গড় ফলন হেক্টর প্রতি ৯.০ টন।,"১. বীজতলায় বীজ বপন : ১-৩০ অগ্রহায়ণ (১৫নভেম্বর-১৫ ডিসেম্বর)।
২. চারা রোপণ
: ১- ৩০ পৌষ (১৫ ডিসেম্বর ১-১৫ জানুয়ারি)।
৩. বীজের হার
: ১৫-২০ কেজি/ হেক্টর।
৪. চারার বয়স
: ৩০-৩৫ দিন।
৫. রোপণ দুরত্ব
: ২৫ ী ১৫ সেমি।
৬. প্রতি গোছায় চারা : ১-২টি।
৭. সার ব্যবস্থাপনা (কেজি/বিঘা):
ইউরিয়া টিএসপি এমপি জিপসাম জিংক
মোট সার
৩৬
১৭
১৬
৯
১
৭.১ জমি তেরির সময়
১২
১৭
১১
৯
১
৭.২ চারা রোপণের ১৫-২০ দিন পর
১২
৫
৭.৩ চারা রোপনের ৪০-৪৫ দিন পর
১২
অর্থাৎ ইউরিয়া সার সমান ৩ ভাগে ভাগ করে ১ম কিস্তি জমি তৈরির সময় ২য় কিস্তি চারা রোপনের ১৫-২০ দিন পর এবং
৩য় কিস্তি চারা রোপণের ৪০-৪৫ দিন পর উপরি প্রয়োগ করতে হবে। তবে এলসিসি ভিত্তিক ইউরিয়া সার প্রয়োগ করাই
উত্তম।
৮. আগাছা দমন: রোপণের ৪৫ দিন পর্যন্ত জমি আগাছা মুক্ত রাখতে হবে।
৯. সেচ ব্যবস্থাপনা : ধানের দুধ অবস্থা পর্যন্ত জমিতে যথেষ্ট পরিমাণ পানি বা রসের ব্যবস্থা রাখতে হবে।
১০. রোগবালাই দমন: রোগ ও পোকার জন্য অনুমোদিত বালাই ব্যবস্থাপনা অনুসরণ করতে হবে।
১১. ফসল পাকা ও কাটা : ২৫ চৈত্র -৫ বৈশাখ (৫-১০ এপ্রিল)। সাধারণত শীষের উপর থেকে ৮০% পেকে গেলে
ধান কাটতে হয়।"
বিআর৩২০,"বিআর৩ একটি উচ্চ ফলনশীল ধানের জাত, যা বোরো, আউশ এবং
আমন তিন মৌসুমের জন্য অনুমোদিত। বাংলাদেশ ধান গবেষণা
ইনস্টিটিউট ১৯৭৩ সালে জাতটি উদ্ভাবন করেছে। বিআর৩-এর জনপ্রিয়
নাম বিপ্লব।","৪ধান গাছের উচ্চতা ৯৫ সেন্টিমিটার।
৪এর চাল মাঝারি মোটা ও পেটে সাদা দাগ আছে।
৪গাছ হেলে পড়ে না।
৪ভাত ঝরঝরে।",এ জাতের জীবনকাল ১৭০ দিন।,হেক্টর প্রতি ৬.৫ টন।১৯৭৪ সালে আন্তর্জাতিক ফলন প্রতিযোগিতায় বিআর৩ প্রথম স্থান অধিকার করে।,,"১.
২.
৩.
৪.
৫.
৬.
৭.
৮.
বীজতলায় বীজ বপন
ঃ অগ্রাহায়ণ (১৫ নভেম্বর - ১৫ ডিসেম্বর)।
চারার বয়স
ঃ ৪০-৪৫ দিন ।
রোপণ দূরত্ব
ঃ ২৫ ী ১৫ সেমি।
সার ব্যবস্থাপনা (কেজি/বিঘা) ঃ
৪.১ ইউরিয়া টিএসপি
এমপি জিপসাম
জিঙ্ক
৩০-৪০ ৭-১৪
৮-১৬
৪-৮
০.৭-১.৪
৪.২ ইউরিয়া সার সমান ৩ কিস্তিতে জমি তৈরির শেষ পর্যায়ে, চারা রোপণের ২০-২৫ এবং ৫৫ দিন পর প্রয়োগ করতে
হবে। প্রথম উপরি প্রয়োগের পর সার মাটির সাথে মিশিয়ে দিতে হবে।
তবে উপরি প্রয়োগের সময় এলসিসি ভিত্তিক ইউরিয়া প্রয়োগ করা
উত্তম।
আগাছা দমন ঃ রোপণের পর ৩০-৪০ দিন পর্যন্ত জমি আগাছামুক্ত রাখা
আবশ্যক।
সেচ ব্যবস্থাপনাঃ ধানের থোর অবস্থা থেকে চাল শক্ত হওয়া পর্যন্ত প্রয়োজনে
সেচ দিলে ভাল ফলন পাওয়া যাবে।
রোগবালাই দমন ঃ এ জাত ব্লাস্ট রোগ প্রতিরোধশীল এবং টুংরো ও
এলসিসির মাধ্যমে ইউরিয়ার
খোলপোড়া রোগ সহনশীল। কীটপতঙ্গ ও বালাই দমনে অনুমোদিত পদ্ধতি
চাহিদা নির্ধারণ
অনুসরণ করা যেতে পারে।
ফসল পাকা ও কাটা ঃ ৫-২০ বৈশাখ (১৮ এপ্রিল - ৩০ মে)।"
বিআর১৪,"বাংলাদেশ ধান গবেষণা ইনস্টিটিউট উদ্ভাবিত ধান বিআর১৪ বোরো এবং আউশ মৌসুমে চাষাবাদের জন্য ১৯৮৩ সালে
জাতীয় বীজ বোর্ডের অনুমোদন লাভ করে। এ ধানের জনপ্রিয় নাম গাজী।","৪ গাছের উচ্চতা ১১৫-১২০ সেন্টিমিটার।
৪ কান্ড খুব মজবুত এবং পাতা খাড়া।
৪ কুশি গজানোর ক্ষমতা মাঝারি।
৪ ডিগপাতা কিছুটা হেলে যায়, ফলে শিষ উপরে দেখা যায় এবং দৃষ্টি
আকর্ষণ করে।
৪ ছড়ার উপরিভাগের ধানে শুঙ আছে।
৪ চাল মাঝারি মোটা, সাদা এবং ভাত ঝরঝরে।
৪ এ জাতে প্রোটিনের পরিমাণ ৮.১%।",,এ জাতের জীবনকাল বোরো মৌসুমে ১৫৫-১৬০ দিন।,বোরো মৌসুমে ফলন হেক্টর প্রতি ৬.০-৬.৫ টন।,"১. বীজতলায় বীজ বপন
ঃ অগ্রাহায়ণ (১৫ নভেম্বর - ২০ ডিসেম্বর)।
২. বপন ও রোপণের সময় ঃ ২০ পৌষ - ২০ মাঘ (জানুয়ারি)।
৩. সার প্রয়োগ (কেজি/বিঘা) ঃ
ইউরিয়া
টিএসপি এমপি
জিপসাম
দস্তা
৩০-৪০
৭-১৪
৮-১৬
৪-১১
০.৭-১.০
৩.১ ইউরিয়া সার তিন কিস্তিতে প্রয়োগ করতে হবে।
প্রথম উপরি প্রয়োগ ঃ রোপণের ১৫-২০ দিন পর
দ্বিতীয় উপরি প্রয়োগ ঃ রোপণের ৩০-৩৫ দিন পর। ইউরিয়া প্রয়োগের পর সার মাটির সাথে মিশিয়ে
দিতে হবে।
তৃতীয় উপরি প্রয়োগ ঃ রোপণের ৪৫-৫০ দিন পর।
৩.২ ইউরিয়া প্রয়োগের সঠিক সময় নির্ণয়ের জন্য লিফ কালার চার্ট ব্যবহার করতে হবে।
৪. আগাছা দমন
ঃ রোপণের ৪৫ দিন পর্যন্ত জমি আগাছামুক্ত রাখতে হবে।
৫. সেচ ব্যবস্থাপনা
ঃ ধানের থোর অবস্থা থেকে দানা দুধ অবস্থায় জমিতে
পর্যাপ্ত পানির ব্যবস্থা রাখতে হবে।
৬. ফসল কাটা
ঃ ১৫ বৈশাখ- ১৫ জ্যৈষ্ঠ (মে)।
এলসিসির মাধ্যমে ইউরিয়ার
চাহিদা নির্ধারণ
মন্তব্য
১.
২.
উর্বর জমিতে আবাদ করলে অধিক ফলন নিশ্চিত হবে।
কাণ্ড লম্বা, মজবুত তাই নিচু জমিতে চাষ উপযোগী।"
বিআর১৬,"বাংলাদেশ ধান গবেষণা ইনস্টিটিউট দেশের বিভিন্ন অঞ্চলে পরীক্ষা নিরীক্ষা করে এ জাতটি ইরি থেকে প্রবর্তন করেছে। এটি
১৯৮৩ সালে বোরো ও আউশ মৌসুমে চাষাবাদের জন্য বিআর১৬ নামে জাতীয় বীজ বোর্ডের অনুমোদন লাভ করে। এ জাতের
জনপ্রিয় নাম শাহীবালাম। ইহা বোরো মৌসুমের বালাম ধান।","৪ গাছের উচ্চতা ৯০-৯৫ সেন্টিমিটার।
৪ গাছের কান্ড এবং পাতা খাড়া ও সবুজ।
৪ কুশি গজানোর ক্ষমতা মাঝারি।
৪ চাল লম্বা, চিকন এবং সাদা।
৪ ভাত ঝরঝরে এবং সুস্বাদু।
৪ চালে প্রোটিনের পরিমাণ ৭.৮%।",,বোরো মৌসুমে জাতটির জীবনকাল ১৫৫-১৬০ দিন।,উপযুক্ত পরিচর্যা পেলে বোরোতে হেক্টরপ্রতি ৫.৫-৬.০ টন ফলন দিয়ে থাকে।,"১.
২.
৩.
বীজতলায় বীজ বপন
ঃ ১ অগ্রাহায়ণ - ৭ পৌষ (১৫ নভেম্বর - ২০ ডিসেম্বর)।
বপন ও রোপণের সময় ঃ ২০ পৌষ - ২০ মাঘ (জানুয়ারি)।
সার প্রয়োগ (কেজি/বিঘা) ঃ
ইউরিয়া
টিএসপি
এমপি
জিপসাম
দস্তা
৩০-৪০
৭-১৪
৮-১৬
৪-১১
০.৭-১.০
৩.১ ইউরিয়া সার তিন কিস্তিতে প্রয়োগ করতে হবে।
প্রথম উপরি প্রয়োগ ঃ রোপণের ১৫-২০ দিন পর
দ্বিতীয় উপরি প্রয়োগ ঃ রোপণের ৩০-৩৫ দিন পর। ইউরিয়া প্রয়োগের পর সার মাটির সাথে মিশিয়ে দিতে হবে।
তৃতীয় উপরি প্রয়োগ ঃ রোপণের ৪৫-৫০ দিন পর।
৩.২ ইউরিয়া প্রয়োগের সঠিক সময় নির্ণয়ের জন্য লিফ কালার চার্ট ব্যবহার করতে হবে।
৪. আগাছা দমন
ঃ রোপণের ৪৫ দিন পর্যন্ত জমি আগাছামুক্ত রাখতে হবে।
৫. সেচ ব্যবস্থাপনা ঃ ধানের থোর অবস্থা থেকে দানা দুধ অবস্থা পর্যন্ত জমিতে পর্যাপ্ত পানি রাখতে হবে।
৬. ফসল কাটা
ঃ ১৫ বৈশাখ - ১৫ জ্যৈষ্ঠ (মে)।"
বিআর১৭,"বাংলাদেশ ধান গবেষণা ইনস্টিটিউট পরীক্ষা নিরীক্ষা করে এটিকে হবিগঞ্জ ও
সুনামগঞ্জ হাওড় এলাকার উপযোগী বলে চুড়ান্তভাবে নির্বাচন করে। এ জাতটি
বিআর১৭ নামে অনুমোদন লাভ করে। এ ধরনের জনপ্রিয় নাম হাসি।","৪ আগাম জাত।
৪ গাছের উচ্চতা ১২৫ সেন্টিমিটার।
৪ চাল মাঝারি মোটা ও ভাত ঝরঝরে।
৪ ফুল ফোটার সময় শীষগুলো ডিগ পাতার উপরে থাকে।","হাওড়, বাওড় ও বিলাঞ্চলের জন্য এ জাতটি বিশেষ উপযোগী। কারণ গাছ লম্বায় ১২৫ সেন্টিমিটার, তাই ধান পাকার সময় হঠাৎ
বন্যায় মাঠে কোমর পানি হলেও ফসল কাটা যায়।",এ জাতের জীবনকাল ১৫৫ দিন।,ধানের গড় ফলন হেক্টর প্রতি ৬.০ টন।,"১. বীজতলায় বীজ বপন: ১৫-৩০ কার্তিক (১-১৫ নভেম্বর)।
২. রোপণের সময়: ২০ পৌষ-২০ মাঘ (জানুয়ারি)।
৩. সার ব্যবস্থাপনা (কেজি/বিঘা) :
ইউরিয়া
টিএসপি এমপি
জিপসাম
জিংক
৩.১ মোট সার
৩০-৪০
৭-১৪
৮-১৬
৪-১১
০.৭-১.০
৩.২ ইউরিয়া সার সমান ৩ কিস্তিতে প্রয়োগ করতে হবে। প্রথম কিস্তি জমি তৈরির শেষ পর্যায়ে।
প্রথম উপরি প্রয়োগ: রোপণের ২৫-৩০ দিন পর।
দ্বিতীয় উপরি প্রয়োগ: রোপণের ৪৫-৫০ দিন পর।
ইউরিয়া সার প্রয়োগের পর মাটির সাথে মিশিয়ে দিতে হবে। তবে ইউরিয়া প্রয়োগে লিফ কালার চার্ট ব্যবহার করা উচিত।
৫. আগাছা দমন : রোপণের পর ৪৫ দিন পর্যন্ত জমি আগাছামুক্ত রাখতে হবে।
৬. সেচ ব্যবস্থাপনা : থোর অবস্থা থেকে দুধ অবস্থা পর্যন্ত জমিতে পর্যাপ্ত রস বা পানি রাখতে হবে।
৭. রোগ বালাই দমন : রোগ ও পোকার জন্য অনুমোদিত বালাই ব্যবস্থাপনা অনুসরণ করা আবশ্যক।
৮. ফসল পাকা ও কাটা : ১-১৫ বৈশাখ (১৫-৩০ এপ্রিল) ধান কাটার উপযুক্ত সময় ।"
বিআর১৮,"বাংলাদেশ ধান গবেষণা ইনস্টিটিউট পরীক্ষা নিরীক্ষা করে হবিগঞ্জ ও সুনামগঞ্জের হাওড় এলাকার উপযোগী বলে এ জাতটি
ইন্দোনেশিয়া থেকে এদেশে প্রবর্তন করেছে। এটি ১৯৮৫ সালে বোরো মৌসুমে চাষাবাদের জন্য বিআর১৮ নামে জাতীয় বীজ
বোর্ডের অনুমোদন লাভ করে। এ জাতের জনপ্রিয় নাম শাহজালাল।","৪ কান্ড খুবই মজবুত ও হেলেপড়া প্রতিরোধী।
৪ গাছের উচ্চতা ১১৫-১২০ সেন্টিমিটার।
৪ চারার উচ্চতা ২০-২৫ সেন্টিমিটার।
৪ কুশি গজানোর ক্ষমতা মাঝারি।
৪ পাতা প্রশস্ত, লম্বা এবং মোটামুটি খাড়া।
৪ চাল মাঝারি মোটা, সাদা ও ভাত ঝরঝরে।
৪ এ জাতের ধান মাড়াই করা সহজ।","হাওড়, বাওর আর বিলাঞ্চলে এ জাতের আবাদ করা উচিত। কারণ এর কান্ড লম্বা, তাই ধান পাকার সময় হঠাৎ বন্যায় মাঠে
কোমর পানি হলেও ফসল কাটা যায়।",জাতটির জীবনকাল ১৬৫-১৭০ দিন।,ফলন হেক্টরপ্রতি ৬.০-৬.৫ টন।,"১.
২.
৩.
বীজতলায় বীজ বপন
ঃ ১ অগ্রাহায়ণ - ৫ পৌষ (১৫ নভেম্বর - ২০ ডিসেম্বর)।
রোপণের সময়
ঃ জানুয়ারি।
সার প্রয়োগ (কেজি/বিঘা) ঃ
ইউরিয়া
টিএসপি
এমপি
জিপসাম
দস্তা
৩০-৪০
৭-১৪
৮-১৬
৪-১১
০.৭-১.০
৩.১ ইউরিয়া সার তিন কিস্তিতে প্রয়োগ করতে হবে।
প্রথম উপরি প্রয়োগ
ঃ রোপণের ১৫-২০ দিন পর।
দ্বিতীয় উপরি প্রয়োগ ঃ রোপণের ৩৫-৪০ দিন পর। ইউরিয়া প্রয়োগের পর সার মাটির সাথে মিশিয়ে দিতে হবে।
তৃতীয় উপরি প্রয়োগ ঃ রোপণের ৫০-৫৫ দিন পর।
৩.২ ইউরিয়া প্রয়োগের সঠিক সময় নির্ণয়ের জন্য লিফ কালার চার্ট ব্যবহার করতে হবে।
৪. আগাছা দমন
ঃ রোপণের ৪৫ দিন পর্যন্ত জমি আগাছামুক্ত রাখতে হবে।
৫. সেচ ব্যবস্থাপনা ঃ থোর অবস্থা থেকে দুধ অবস্থা পর্যন্ত জমিতে পর্যাপ্ত পানি রাখতে হবে।
৬. ফসল কাটা
ঃ ১৫ বৈশাখ - ১৫ জ্যৈষ্ঠ (মে)।"
বিআর১৯,"
বাংলাদেশ ধান গবেষণা ইনস্টিটিউট পরীক্ষা নিরীক্ষা করে হবিগঞ্জ ও সুনামগঞ্জের হাওড় এলাকার উপযোগী বলে এ জাতটি
ইন্দোনেশিয়া থেকে এদেশে প্রবর্তন করেছে । এটি ১৯৮৫ সালে বোরো মৌসুমে চাষাবাদের জন্য বিআর১৯ নামে জাতীয় বীজ
বোর্ডের অনুমোদন লাভ করে | এ জাতের জনপ্রিয় নাম মঙ্গল । এটি হাওড় অঞ্চলের ধান।","৮ গাছের কান্ড লম্বা কিন্ত মজবুত ।

৯ গাছের উচ্চতা ১১০-১১৫ সেন্টিমিটার ।
৯ পাতা এবংকা-” গাট সবুজ ।

৮ ডিগপাতা ছোট ও খাড়া ।

৮» পাকার সময় শীষ উপরে থাকে ।

» চাল লম্বা, সরু এবং স্বচ্হ।","
হাওড়, বাওর আর বিলাঞ্চলে এ জাতের আবাদ করা উচিত। কারণ এর কান্ড লম্বা, তাই ধান পাকার সময় হঠাৎ
বন্যায় মাঠে কোমর পানি হলেও ফসল কাটাযায়।",এ জাতের জীবনকাল বীজ বপন থেকে পাকা পর্যন্ত ১৬৫-১৭০ দিন।,,"১. বীজতলায় বীজ বপন ৪১ অগ্রাহায়ণ - ৫ পৌষ (১৫ নভেম্বর - ২০ ডিসেম্বর)।
২. রোপণের সময় 8 ১৫ পৌষ - ১৫ মাঘ (জানুয়ারি) ।

৩. সার প্রয়োগ (কেজি/বিঘা)ঃ
ইউরিয়া টিএসপি এমপি জিপসাম দস্তা
৩০-৪০ ৭-১৪ ৮-১৬ ৪-১১  ০.৭-১.০
৩.১ ইউরিয়া সার তিন কিস্তিতে প্রয়োগ করতে হবে ।
প্রথম উপরি প্রয়োগ ৪ রোপণের ১৫-২০ দিন পর।
দ্বিতীয় উপরি প্রয়োগ ঃ রোপণের ৩৫-৪০ দিন পর । ইউরিয়া প্রয়োগের পর সার মাটির সাথে মিশিয়ে দিতে
চা
তৃতীয় উপরি প্রয়োগ ৪ রোপণের ৫০-৫৫ দিন পর।

৩.২ ইউরিয়া প্রয়োগের সঠিক সময় নির্ণয়ের জন্য লিফ কালার চার্ট ব্যবহার করতে হবে।
8. আগাছা দমন ৪ রোপণের ৪৫ দিন পর্যন্ত জমি আগাছামুক্ত রাখতে হবে ।
৫. সেচ ব্যবস্থাপন ৪ থোর অবস্থা থেকে দুধ অবস্থা পর্যন্ত জমিতে পর্যাপ্ত পানি রাখতে হবে।"
ব্রি ধান২৮,"ব্রি ধান২৮ বোরো মৌসুমের একটি আগাম জাত। এ জাত ১৯৯৪ সালে
চাষাবাদের জন্য অনুমোদিত হয়।","৪ গাছের উচ্চতা ৯০ সেমি।
৪ পাকার সময় ধানের শীষ উপরে থাকে।
৪ চাল মাঝারি চিকন ও সাদা।
৪ ভাত ঝরে ঝরে ও খেতে সুস্বাদু।","এ জাতের জীবনকাল ব্রি ধান২৯ এর চেয়ে প্রায় তিন সপ্তাহ কম। তাই অসচ্ছল কৃষক যারা আগাম ফসল কাটতে চান তাদের জন্য
এ জাতটি বিশেষভাবে উপযোগী। এ জাত আগাম বিধায় বন্যা প্রবণ এলাকায় যেখানে পাকা ধান পানিতে তলিয়ে যায় সে সমস্ত
এলাকার জন্যও উপযোগী। এ ধানের মুড়ি ভালো হয়। বোরো ধান চাষের পর যারা সবুজ সার চাষ করে মাটির উর্বরতা বাড়াতে
চান তারা এ আগাম জাতটি নির্বাচন করতে পারেন।",জাতটির জীবনকাল ১৪০ দিন।,স্বাভাবিক ফলন হেক্টরপ্রতি ৫.৫-৬.০ টন।,"১. বীজতলায় বীজ বপন ঃ ১ - ২৫ পৌষ (মধ্য ডিসেম্বর থেকে জানুয়ারির প্রথম সপ্তাহ)।
২. চারার বয়স
ঃ ৩৫-৪০ দিনের চারা।
৩. চারা রোপণ
ঃ ৭-১২ মাঘ (২০শে জানুয়ারি থেকে ২৫শে জানুয়ারি)।
৪. চারার সংখ্যা
ঃ প্রতি গুছিতে ২-৩ টি ।
৫. রোপণ দূরত্ব
ঃ ২০ী১৫ সেন্টিমিটার।
৬. সার ব্যবস্থাপনা (কেজি/বিঘা) ঃ
৬.১ ইউরিয়া
টিএসপি
এমপি
জিপসাম
জিঙ্ক
৩০-৪০
৭-১০
৮-১৬
৪-১১
০.৭-১.০
৬.২ ইউরিয়া সার দু’বার উপরি প্রয়োগ করতে হবে। প্রথম উপরি প্রয়োগ রোপণের ১৫-২০ দিন পর।
দ্বিতীয় উপরি প্রয়োগ রোপণের ৩০-৩৫ দিন পর। ইউরিয়া উপরি প্রয়োগের পর মাটির সাথে মিশিয়ে দিতে হবে।
৬.৩ ইউরিয়া সার প্রয়োগে লিফ কালার চার্ট (এলসিসি) ব্যবহার করতে হবে।
৭. আগাছা দমন
ঃ রোপণের পর ৪০ দিন পর্যন্ত জমি আগাছা মুক্ত রাখতে হবে।
৮. সেচ ব্যবস্থাপনা
ঃ থোর অবস্থা থেকে দুধ অবস্থা পর্যন্ত জমিতে পর্যাপ্ত রস বা পানি রাখতে হবে।
৯. রোগ ও পোকামাকড় দমনঃ সমন্বিত বালাই ব্যবস্থাপনা অনুসরণ করা যেতে পারে।
১০. ফসল কাটা
ঃ ১৫-৩১ বৈশাখ (১-২৫ মে)।"
ব্রি ধান২৯,"ব্রি ধান২৯ বোরো মৌসুমের একটি নাবী জাতের ধান। ১৯৯৪ সালে এ জাতটি
বাণিজ্যিক ভিত্তিতে চাষাবাদেও জন্য অনুমোদন করা হয়। এটি একটি উচ্চ ফলন
ক্ষমতাসম্পন্ন জাত।","৪ উচ্চতা ৯৫ সেন্টিমিটার।
৪ কান্ড মজবুত তাই হেলে পড়ে না।
৪ এর চাল মাঝারি চিকন ও সাদা।","গুণে ও মানে ব্রি ধান২৯ সকল আধুনিক ধানের সেরা। বলা যেতে পারে বোরো মৌসুমে ব্রি ধান২৯ সব চাইতে জনপ্রিয় জাত।
এর ফলনের পরিমাণ সর্বোচ্চ। তবে উচ্চ ফলন দেবার জন্য এর সার গ্রহণ ক্ষমতাও বেশী। ব্রি ধান২৯ পাতা পোড়া ও খোল
পোড়া রোগে মধ্যম প্রতিরোধশীল।",এর জীবনকাল ১৬০ দিন।,"গড় ফলন হেক্টর প্রতি ৭.৫ টন। অনেক কৃষকের মতে
ব্রি ধান২৯ হলো বাংলাদেশের হাইব্রিড ধান","১.
বীজতলায় বীজ বপন ঃ ১৫-৩০ কার্তিক (৩০ অক্টোবর - ১৫ নভেম্বর)।
২.
চারার বয়স
ঃ ৪০-৫০ দিনের চারা।
৩. রোপণ দূরত্ব
ঃ ২০ ী ১৫ সেন্টিমিটার ।
৪.
সার প্রয়োগ (কেজি/বিঘা) ঃ
৪.১ ইউরিয়া
টিএসপি
এমপি
জিপসাম
জিঙ্ক
৩০-৪০
৭-১৪
৮-১৬
৪-৮
০.৭-১.৪
৪.২ ইউরিয়া সার ৩ কিস্তিতে প্রয়োগ করতে হবে।
প্রথম উপরি প্রয়োগ রোপণের ১৫-২০ দিন পর।
দ্বিতীয় উপরি প্রয়োগ রোপণের ৩০ দিন পর।
তৃতীয় উপরি প্রয়োগ রোপণের ৪৫ দিন পর।
৪.৩ ইউরিয়া সার প্রয়োগে লিফ কালার চার্ট ব্যবহার করতে হবে।
৫.
সেচ ব্যবস্থাপনা
ঃ থোর অবস্থা থেকে দুধ অবস্থা পর্যন্ত জমিতে পর্যাপ্ত রস বা পানি রাখতে হবে। তবে
এডাব্লিউডি পদ্ধতি ব্যবহার করা ভাল।
৬. ফসল কাটা
ঃ ৫-২০ বৈশাখ (১৮ এপ্রিল - ৩০ মে)।"
ব্রিধান৬৭,"ব্রিধান৬৭ এর কৌলিক সারি নং917100--6-6 | উক্ত কৌলিক সারিটি |২61247-
38-8-2-1 এবং 8িখি। 0179136 এর সংকরায়নের পর বংশানুক্রম
(90101755 59150001) এর মাধ্যমে উডভাবন করা হয়েছে । উক্ত কৌলিক সারিটি ইরি-
বি'র যৌথ সহযোগিতার মাধ্যমে প্রজনন প্রক্রিয়ায় গবেষণাগারে ও দেশের বিভিন্ন ৯!
লবণাক্ততা প্রবণ অঞ্চলে পরীক্ষা নিরীক্ষা এবং কৃষকের অংশগ্রহনের মাধ্যমে জাত 1)
নির্বাচন প্রক্রিয়ায় বোরো মৌসুমে ব্রি ধান৪ ৭ জাতের চাষাবাদ উপযোগী এলাকায় ফলন
পরীক্ষায় সন্তোষজনক হওয়ায় জাত হিসাবে ছাড়করণের জন্য চূড়ান্তভাবে নির্বাচন করা
হয়। জাতটি ২০১৪ সালে জাতীয় বীজ বোর্ড কর্তৃক বোরো মৌসুমে কৃষক পর্যায়ে
চাষাবাদের জন্য অনুমোদন লাভ করে ।","৯ বোরো মৌসুমের লবণাক্ততা সহনশীল জাত ।
৯ উচ্চ ফলনশীল ।
৯ গাছের উচ্চতা ১০০ সেমি ।
৯ চাল মাঝারী চিকন,সাদা ও ভাত ঝরঝরে ।
» ডিগপাতা প্রচলিত ব্রি ধান২৮ এর চেয়ে খাড়া ।","
ব্ি ধান৬৭ জাতের প্রধান বৈশিষ্ট্য হলো চারা অবশ্শয় ১২-১৪ ডিএস/মি (৩ সপ্তাহ পর্যন্ত) লবণাক্ততা সহ্য করতে পারে । জাতটি অংগজ
বৃদ্ধি থেকে প্রজনন পর্যায় পর্যন্ত লবণাক্ততা সংবেদনশীল সকল ধাপে (ঝধষঃ ংবহংরঞ্রাব ংধমবং) ৮ ডিএস/মি মাত্রার লবণাক্ততা সহ্য
করে ফলন দিতে সক্ষম যা প্রচলিত উচ্চ ফলনশীল জাত বি ধান২৮ পারে না । জাতটি বি ধান৪৭ এর মতো লবন সহ্য করতে পারে তবে এর
দানা মাঝারী চিকন ও শীষ থেকে ধান ঝরে পড়ে না।",জাতটির জীবনকাল ১৪০-১৫০দিন।,উপযুক্ত পরিচর্যা পেলে লবণাক্ততার মাত্রা ভেদে হেক্টর প্রতি ৩.৮-৭.৪ টন পর্যন্ত ফলন পাওয়া যায় ।,"এ ধানের চাষাবাদ পদ্ধতি অন্যান্য উফশী বোরো ধানের জাতের মতই।

১. বীজ তলায় বীজ বপন: অগ্রাহায়নের ১ তারিখ থেকে ৩০ তারিখ (১৫ই নভেম্বর থেকে ১৫ ডিসেম্বর) ।
২. চারার বয়স: ৩৫-৪০ দিন।

৩. চারার সংখ্যা: প্রতি গুছিতে ২/৩টি |

৪

. রোপন দুরতৃ: ২৫সেমি? ১৫সেমি।
€. সার ব্যবস্থাপনা (কেজি/বিঘা):
৫.১ ইউরিয়া টিএসপি এমওপি জিপসাম জিংক সালফেট
৩৬ ১৩ ১৬ ১৩ ১.৫

৫.২ সর্বশেষ জমি চাষের সময় সবটুকু টিএসটি, এমওপি, জিপসাম এবং জিংক সালফেট একসাথে প্রয়োগ করা উচিত ।
ইউরিয়া সার সমান তিন কিস্তিতে যথা রোপনের ১৫ দিন পর ১ম কিস্তি ৩০-৩৫ দিন পর ২য কিস্তি এবং ৫০-৫৫ দিন পর ৩য়
কিস্তি প্রয়োগ করতে হবে । তবে ইউরিয়া সারের মাত্রা জমির উবর্রতা অনুযায়ী সামান্য কম বেশি হতে পারে । জিংকের অভাব
দেখা দিলে জিংক সালফেট এবং সালফারের অভাব দেখা দিলে জিপসাম উপরি প্রয়োগ করতে হবে ।
৬. আগাছা দমন: রোপনের পর কমপক্ষে ২৫-৩০ দিন পর্যন্ত জমি আগাছা মুক্ত রাখতে হবে।
. সেচ ব্যবস্পনা: ভূগর্ভস্"" অথবা নদীর পানি ব্যবহার করে সেচ দিতে হবে । তবে ৩ ডিএস/মিটার এর চেয়ে বেশি মাত্রার লবণাক্ততা
যুক্ত পানি কখনও সেচের জন্য ব্যবহার করা যাবেনা ।
৮. রোগবালাই দমন: ব্রি ধান৬৭ জাতে রোগবালাই ও পোকার আক্রমন প্রচলিত অন্যান্য জাতের চেয়ে অনেক কম । তবে রোগবালাই ও
পোকার আক্রমন দেখা দিলে বালাইনাশক প্রয়োগ করা উচিত ।
৯. ফসল পাকা ও কাটা: ধান কাটার উপযুক্ত সময় হলো ১-১৫ বৈশাখ ১৪এপ্রিল-২৮ এপ্রিল)।"
ব্রিধান৬৮,"বি ধান৬৮ এর কৌলিক সারি নং ইজ ৭৮৩০-১৬-১-৫-৩। সারিটি বাংলাদেশ ধান
গবেষণা ইনস্টিটিউটে 17. 68144 এর সাথে 813| 01181129 এর পশ্চাৎ সংকরায়ন
(8501 01095179) এবং বংশানুক্রম বাছাই (750101796 5916011017) এর মাধ্যমে
নির্বাচন করা হয়। জাতটি জাতীয় বীজবোর্ড কর্তৃক বোরো মৌসুমে কৃষক পর্যায়ে
চাষাবাদের জন্য ২০১৪ সালে অনুমোদন লাভ করে ।","৯ উচ্চ ফলনশীল ।

» গাছের উচ্চতা ৯৫ সেমি ।

৯ চাল মাঝারী মোটা ।

৯ ১০০০টি পুষ্ট ধানের ওজন প্রায় ২৭.৪ গ্রাম

৯ ডিগপাতা খাড়া ও গাড় সবুজ রং ।

* চালে প্রোটিন ৭.৭ ভাগ এবং এমাইলোজ ২৫.৭ভাগ ।","ব্রিধান৬৮ জাতের জীবনকাল ব্রি ধান২৮ এর চেয়ে ৪-৫ দিন নাবি । ভাত ঝরঝরে, স্বাদ এবং অবয়বে বিআর১১ এর মত।",জাতটির গড় জীবনকাল ১৪৯ দিন।,হেক্টর প্রতি গড় ফলন ৭.৩ টন । তবে উপযুক্ত পরিচর্যা পেলে ৯.২ টন পর্যন্ত ফলন দিতে পারে ।,"এ ধানের চাষাবাদ পদ্ধতি অন্যান্য উফশী বোরো ধানের জাতের মতই ।

১. বীজ তলায় বীজ বপন: অগ্রহায়নের ১ তারিখ থেকে ১৫ তারিখ (১৫ই নভেম্বর থেকে ৩০ নভেম্বর)।
২. চারার বয়স: ৩৫-৪০ দিন।
৩. চারার সংখ্যা: প্রতি গুছিতে ২/৩টি ।
৪. রোপনদুরতৃ: ২০সেমি ?১৫সেমি
৫. মাঝারী উচু থেকে উচু জমি এ ধান চাষের জন্য উপযুক্ত ।
৬. সারব্যবস্থাপনা (কেজি/বিঘা):
৫.১ ইউরিয়া টিএসপি এমওপি জিপসাম জিংক সালফেট
৩৫ ১৩ ১৬ ১৩ ১.৫

৫.২ সর্বশেষ জমি চাষের সময় সবটুকু টিএসটি, এমওপি, জিপসাম এবং জিংক সালফেট একসাথে প্রয়োগ করা উচিত।
ইউরিয়া সার সমান তিন কিস্তিতে যথা রোপনের ১৫ দিন পর ১ম কিস্তি ২৫-৩০ দিন পর ২্য কিস্তি এবং ৫০-৫৫ দিন পর ৩য়
কিস্তি প্রয়োগ করতে হবে।

৬. আগাছা দমন: রোপনের পর অন্তত ২৫-৩০ দিন পর্যন্ত জমি আগাছা মুক্ত রাখতে হবে ।

৭. সেচ ব্যবস্থাপনা: কাইচথোর অবস্ থেকে দুধ অবস্থা পর্যন্ত জমিতে পর্যাপ্ত রসের ব্যবস্থা রাখতে হবে । তবে এডাব্রউডি পদ্ধতি ব্যবহার
করাউত্তম।

৮. রোগবালাই দমন: ব্রি ধান৬৮ জাতে রোগবালাই ও পোকার আক্রমন প্রচলিত অন্যান্য জাতের চেয়ে অনেক কম। এ জাতের পাতা
পোড়া, খোল পোড়া এবং ব্লাস্ট রোগ প্রতিরোধ ক্ষমতা রয়েছে । তবে রোগবালাই ও পোকার আক্রমনে সমন্বিত বালাই দমন ব্যবস্থা
প্রয়োগ করা উচিত।

৯. ফসল পাকা ও কাটা: ধান কাটার উপযুক্ত সময় হলো ১-১৫ বৈশাখ (১৪ এপ্রিল-২৮ এপ্রিল) ।"
ব্রিধান৬৯,"ব্র ধান৬৯ এর কৌলিক সারি $/550 70161517 [২109। উক্ত কৌলিক সারিটি
আন্তর্জাতিক ধান গবেষণা ইনস্টিটিউট, ফিলিপিন্সে 15191 +0021191 এবং
21312777 091০91১9 এর সংকরায়নের পর বংশানুক্রম বাছাই (690191759
59180001) এর মাধ্যমে উদ্ভাবিত । গত কয়েক বছর আগে বাংলাদেশ ধান গবেষণা
ইনস্টিটিউট উক্ত কৌলিক সারিটি আন্তর্জাতিক ধান গবেষণা ইনস্টিটিউট হতে
11000010001 করে পরীক্ষা নিরীক্ষা করা হয়। পরবর্তীতে ২০১২ এবং ২০১৩ সালে
কৌলিক সারিটি বাংলাদেশের বিভিন্ন এলাকায় কৃষকের মাঠে পরীক্ষা নিরীক্ষা এবং
ফলন পরীক্ষায় সন্তোষজনক হওয়ায় বোরো মৌসুমের জাত হিসাবে ছাড়করণের জন্য
চূড়ান্তভাবে নির্বাচন করা হয়। জাতটি ২০১৪ সালে জাতীয় বীজ বোর্ড কর্তৃক বোরো
মৌসুমে কৃষক পর্যায়ে চাষাবাদের জন্য অনুমোদন লাভ করে ।","* উচ্চ ফলনশীল ।
৯ গাছের উচ্চতা ৯৫-১০০ সেমি ।
” চাল মাঝারী-মোটা, রংসাদা। ব্রি ধান৬৯
৮ ডিগপাতা খাড়া, প্রশস্থ ও লম্বা।
৯ ১০০০টি পুষ্ট ধানের ওজন প্রায় ২৩.৯ গ্রাম ।","বি ধান৬৯ জাতের জীবনকাল বি ধান২৮ এর চেয়ে ৫-১০ দিন বেশি । কান্ড শক্ত তাই হেলে পড়ে না এবং শীষ হতে ধান ঝরে পড়ে না।
অন্যান্য উফশী জাতের চেয়ে ২০% সার কম লাগে।",জাতটির জীবনকাল ১৪৫-১৬০ দিন।,হেক্টর প্রতি গড় ফলন ৭.৩টন। তবে উপযুক্ত পরিচর্ধা পেলে ৯ টন পর্যন্ত ফলন দিতে পারে ।,"এ ধানের চাষাবাদ পদ্ধতি অন্যান্য উফশী বোরো ধানের জাতের মতই ।
বীজ তলায় বীজ বপন: অগ্রহায়নের ১ তারিখ থেকে ৩০ তারিখ (১৫ই নভেম্বর থেকে ১৫ ডিসেম্বর) ।
চারার বয়স: ৩৫-৪০ দিন ।
চারার সংখ্যাঃ প্রতি গুছিতে ২/৩টি ।
রোপন দুরত্ব: ২৫সেমি ১১৫সেমি ।
মাঝারী উচু থেকে উচু জমি এ ধান চাষের জন্য উপযুক্ত।
সার ব্যবস্থাপনা (কেজি/বিঘা):
৬.১ ইউরিয়া টিএসপি এমওপি জিপসাম জিংক সালফেট
৩৫ ১৩ ১৬ ১৩ ১.৫
৬.২ সর্বশেষ জমি চাষের সময় সবটুকু টিএসটি, এমওপি, জিপসাম এবংজিংক সালফেট একসাথে প্রয়োগ করা উচিত ।
ইউরিয়া সার সমান তিন কিস্তিতে যথা রোপনের ১০-১৫ দিন পর ১ম কিস্তি ৩৫-৪০ দিন পর ২্য কিস্তি এবং ৫০-৫€৫ দিন পর ৩য়
কিস্তি প্রয়োগ করতে হবে । জিংকের অভাব দেখা দিলে জিংক সালফেট এবং সালফারের অভাব দেখা দিলে জিপসাম উপরি
প্রয়োগ করতে হবে ।
৭. আগাছা দমন: রোপনের পর অন্তত ২৫-৩০ দিন পর্যন্ত জমি আগাছা মুক্ত রাখতে হবে ।
, সেচ ব্যবস্থাপনা: কাইচথোর অবস্থা থেকে দুধ অবস্থা পর্যন্ত জমিতে পর্যাপ্ত রসের ব্যবস্থা রাখতে হবে । তবে এডাব্লউডি পদ্ধতি ব্যবহার
করাউত্তম।
৯. রোগবালাই দমন: বি ধান৬৯ জাতে রোগবালাই ও পোকার আক্রমন প্রচলিত অন্যান্য জাতের চেয়ে অনেক কম । তবে রোগবালাই ও
পোকার আক্রমন দেখা দিলে বালাইনাশক প্রয়োগ করা উচিত ।
১০. ফসল পাকা ও কাটা: ধান কাটার উপযুক্ত সময় হলো ১-১৫ বৈশাখ (১৪ এপ্রিল-২৮ এপ্রিল) ।"
ব্রি ধান৭৪,"
ব্রি ধান৭৪ বোরো মৌসুমের জাত । এর কৌলিক সারি নং বিআর৭৬৭১-৩৭-২-২-৩-৭ । উক্ত কৌলিক সারিটি বাংলাদেশ ধান গবেষণা
ইনস্টিটিউট (বি), গাজীপুরে আইআর৬৮১৪৪ এর সাথে বর ধান২৯ এর একবার পশ্চাৎ সংকরায়ণের পর বংশানুক্রম সিলেকশন
(6০1519০ 99190100) এর মাধ্যমে উভভাবিত। উক্ত কৌলিক সারিটি বি সদর দপ্তর, আঞ্চলিক কার্যালয় এবং দেশের বিভিন্ন স্থানে
কৃষকের মাঠে পরীক্ষা নিরীক্ষা এবং ফলন পরীক্ষায় সন্তোষজনক হওয়ায় ২০১৪ সালে জাতীয় বীজ বোর্ড কর্তৃক বোরো মৌসুমে কৃষক
পর্যায়ে চাষাবাদের জন্য জাত হিসাবে অনুমোদন লাভ করে ।","» জাতটি অধিক ফলনশীল ।
» পূর্ণ বয়স্ক গাছের উচ্চতা ৯২ সেমি. ।
» গাছ মজবুত বিধায় ঢলে পড়ে না।
» চালের আকার আকৃতি মাঝারি মোটা ও রংসাদা ।
» ধানের খোসার অগ্রভাগ খসখসে ।
হি » চালে প্রোটিনের পরিমান ৮.৩%।
» চালে জিংক এর পরিমান ২৪.২ মিলিশ্রাম/কেজি নব","ব্রধান৭৪ এর জীবনকাল ব্ৰি ধান৬৪ এর চেয়ে ৪-৫ দিন আগাম এবং হেক্টর প্রতি ফলন বৰ ধান৬৪ এর চেয়ে কমপক্ষে ১.০টন বেশি ।
এ জাতের চালে শতকরা ৮.৩ ভাগ প্রোটিন এবং প্রতি কেজি চালে ২৪.২ মিলিগ্রাম জিঙ্ক রয়েছে, যা প্রচলিত অন্যান্য জাতের
চেয়ে প্রায় ৮.২ মিলিগ্রাম/কেজি এবং জিংক সমৃদ্ধ বোরো ধানের জাত ব্রি ধান৬৪ এর চেয়ে প্রায় ০.২ মিলিগ্রাম/কেজি বেশি ।",এ জাতের গড় জীবনকাল ১৪৫-১৪৭ দিন।,ব্রিধান৭৪ জাতটি গড়ে হেক্টর প্রতি ৭.১ টন ফলন দিতে সক্ষম । তবে উপযুক্ত পরিচর্যায় ৮.৩টন পর্যন্ত ফলন পাওয়া যায়।,"এ ধানের চাষাবাদ পদ্ধতি অন্যান্য উফশী বোরো ধানের জাতের মতই ।

২.চারার বয়স: ৩৫-৪০ দিন ।

৩. চারার সংখ্যা: প্রতি গুছিতে ২-৩টি ।

৪. রোপন দুরতৃঃ ২০ সেগ্মিঃ১১৫ সেঃমিঃ।
৫. জমির ধরণ: মাঝারী উচু থেকে উচু জমি ।

৬. সারব্যবস্থাপনা (কেজি/বিঘা):
৬.১. ইউরিয়া টিএসপি এমওপি জিপসাম  জিংকসালফেট
্ভ

চি ১. বীজ তলায় বীজ বপন: ০১ অগ্রাহায়ণ থেকে ১৫ অগ্থাহায়ণ (১৫ নভেম্বর থেকে ৩০ নভেম্বর)।

৩৫ ১৩ ১৬ ১৫ ১.৩
৬.২ সর্বশেষ জমি চাষের সময় সবটুকু টিএসপি, এমওপি, জিংক সালফেট ও জিপসাম সার প্রয়োগ করা উচিত । ইউরিয়া সার সমান
তিন কিস্তিতে যথা রোপণের ১৫ দিন পর ১ম কিস্তি, ২৫-৩০ দিন পর ২য় কিস্তি এবং ৫০-৫৫ দিন পর ৩য় কিস্তি প্রয়োগ করতে হবে।

৭. আগাছা দমন: রোপণের পর অন্তত ২৫-৩০ দিন পর্যন্ত জমি আগাছা মুক্ত রাখতে হবে ।
৮. সেচ ব্যবস্থাপনা: চাল শক্ত হওয়া পর্যন্ত প্রয়োজনে সম্পূরক সেচ দিতে হবে ।
৯. রোগ বালাই দমন: ব্রি ধান৭৪ এ রোগবালাই ও পোকামাকড়ের আক্রমণ প্রচলিত জাতের চেয়ে অনেক কম হয় । জাতটি মধ্যম মাত্রায়
রি ব্লাস্ট রোগ প্রতিরোধী । তবে রোগবালাই ও পোকা মাকড়ের আক্রমণ দেখা দিলে সমন্বিত বালাই দমন ব্যবস্থা প্রয়োগ করা উচিৎ।
১০. ফসল পাকা ও কাটা: ৩০ চৈত্র থেকে ১১ জ্যৈষ্ঠ (১৩ এপ্রিল থেকে ২৫ মে) ধান কাটার উপযুক্ত সময় । শীষের শতকরা ৮০ ভাগ ধান
পেকে গেলে দেরি না করে ধান কেটে নেয়া উচিত।"