জাতের নাম,জাত পরিচিতি,জাতের বৈশিষ্ট্য,এ জাতের বিশেষ প্রয়োজনীয়তা,জীবনকাল,ফলন,চাষাবাদ পদ্ধতি,যোগাযোগ
ব্রি ধান৬২,ব্রি ধান৬২ এর কৌলিক সারি নং নম্বর- BR7517-2R-27-3। বাংলাদেশের ধান গবেষণা ইনস্টিটিউট কর্তৃক Jirakateri ( জিরাকাটেরি) এবং ব্রি ধান৩৯ এর মধ্যে সংকরায়নের পর দুইবার র‍্যাপিড জেনারেশন অ্যাডভান্স (RGA) করে বংশানুক্রম সিলেকশান (Pedigree Selection) এর মাধ্যমে উদ্ভাবিত। জাতটি ২০১৩ সালে জাতীয় বীজ বোর্ড কর্তৃক রোপা আমন মৌসুমের জন্য অনুমোদিত হয়েছে।,"অধিক ফলনশীল। 
গাছের উচ্চতা ৯৮ সেমি। 
চালের আকার লম্বা, সরু এবং রঙ সাদা। 
১০০০ টি পুষ্ট ধানের ওজন প্রায় ২৪ গ্রাম। 
চালে প্রোটিনের পরিমাণ ৯%। 
চালে জিংক এর পরিমাণ ১৯ মিলিগ্রাম/কেজি","ব্রি ধান৬২ এর জীবনকাল ব্রি ধান৩৩ এর চেয়ে ১০-১২ দিন আগাম। আমন ধান কেটে অনায়াসে আগাম গোল আলু বা রবিশস্য লাগানো সম্ভব। এছাড়াও স্বল্প জীবনকাল হওয়ার কারণে এ জাতটি সহজেই খরা এড়িয়ে যেতে পারে। এ ধানের জাত মধ্যম মানের জিংক সমৃদ্ধ 
হওয়ায় জিংকের অভাব জনিত অপুষ্টি লাঘবে সহায়ক হবে। ",এ জাতের গড় জীবনকাল ১০০ দিন। ,হেক্টর প্রতি গড় ফলন ৩.৫-৪.৫ টন। ,"এ ধানের চাষাবাদ পদ্ধতি অন্যান্য স্বল্প জীবনকালীন উফশী রোপা আমন ধানের জাতের মতই। 
১. বীজ তলায় বীজ বপন: ২১ আষাঢ় থেকে ৩০ আষাঢ় (৫ জুলাই থেকে ১০ জুলাই)। 
২. চারার বয়স : ২০-২৫ দিন। 
৩. চারার সংখ্যা : প্রতি গুছিতে ২/৩টি। 
৪. রোপণ দূরত্ব : ২০ সেমি × ১৫ সেমি। 
৫. সার ব্যবস্থাপনা (কেজি/বিঘা):  ৫.১ ইউরিয়া - ২০ , টিএসপি - ৯.৫ , এমওপি - ৯.৫ , জিপসাম - ৫.৫ , জিংক সালফেট -১.৫ 
৫.২ সর্বশেষ জমি চাষের সময় সবটুকু টিএসপি, জিংক সালফেট, জিপসাম এবং অর্ধেক এমওপি সার প্রয়োগ করা উচিত। ইউরিয়া সার সমান দুই কিস্তিতে যথা রোপণের ১০ দিন পর ১ম কিস্তি এবং ২০-২৫ দিন পর ২য় কিস্তি প্রয়োগ করতে হবে। বাকী অর্ধেক এমওপি সার ইউরিয়া উপরি প্রয়োগের সাথে প্রয়োগ করতে হবে। জিংকের অভাব পরিলক্ষিত হলে জিংক সালফেট এবং সালফারের অভাব পরিলক্ষিত হলে জিপসাম ইউরিয়ার মত উপরি প্রয়োগ করতে হবে। 
৬. আগাছা দমন : রোপণের পর অন্তত ২৫-৩০ দিন পর্যন্ত জমি আগাছা মুক্ত রাখতে হবে। 
৭. সেচ ব্যবস্থাপনা : চাল শক্ত হওয়া পর্যন্ত প্রয়োজনে সম্পূরক সেচ দিতে হবে। 
৮. রোগবালাই দমন : ব্রি ধান৬২ এ রোগবালাই ও পোকামাকড়ের আক্রমণ প্রচলিত জাতের চেয়ে অনেক কম হয়। তবে খোলপোড়া রোগ প্রবন এলাকায় এ রোগের প্রাদুর্ভাব হতে পারে। এজন্য পরিচ্ছন্ন চাষাবাদ ও প্রয়োজনে নেটিভো, কনটাফ, ফলিকুর ইত্যাদি ছত্রাকনাশক ব্যবহার করা যেতে পারে। 
৯. ফসল পাকা ও কাটা 
: ২৮ আশ্বিন-৩ কার্তিক (১৩-১৮ অক্টোবর) ধান কাটার উপযুক্ত সময়। ","আরো তথ্যের জন্য ঃ
পরিচালক (গবেষণা), বি। ই-মেইলঃ 0106)10771.009৬00 ফ্যাক্ট শীট (ব্রি ধান৭৭)"
ব্রি ধান৬৬,"ব্রি ধান৬৬ এর কৌলিক সারি IR82635-B-B-75-21 উক্ত কৌলিক সারিটি আন্তর্জাতিক ধান গবেষণা ইনস্টিটিউট, ফিলিপিনে IR78875-176-B-2 এবং IR78875-207-B-3 নামক Genotype এর সাথে সংকরায়ন করে বংশানুক্রম সিলেকশান (Pedigree Selection) এর মাধ্যমে উদ্ভাবিত। ২০১০ সালে বাংলাদেশ ধান গবেষণা ইনস্টিটিউট কর্তৃক উক্ত কৌলিক সারিটি আন্তর্জাতিক ধান গবেষণা ইনস্টিটিউট হতে Introduction করে খরা প্রবণ এলাকায় বিভিন্ন পরীক্ষা নিরীক্ষা করা হয়। পরবর্তীতে ২০১২ এবং ২০১৩ সালে কৌলিক সারিটি বাংলাদেশের বিভিন্ন খরাপ্রবণ এলাকায় কৃষকের মাঠে পরীক্ষা নিরীক্ষা এবং ফলন পরীক্ষায় সন্তোষজনক হওয়ায় রোপা আমন মৌসুমে জাত হিসাবে চুড়ান্তভাবে নির্বাচন করা হয়। এ জাতটি ২০১৪ সালে জাতীয় বীজ বোর্ড কর্তৃক কৃষক পর্যায়ে চাষাবাদের জন্য অনুমোদন লাভকরে।","উচ্চ ফলনশীল ।
গাছের উচ্চতা ১১৮-১২০ সেমি ।
ডিগপাতা খাড়া, প্রশস্ত এবং লম্বা ।
১০০০টি পুষ্ট ধানের ওজন প্রায় ২৪ গ্রাম ।চাল মাঝারী লম্বা ও মোটা ।",ব্রি ধান৬৬ এর জীবনকাল ব্রি ধান৫৬ এর চেয়ে ৩-৪ দিন বেশী। ব্রি ধান৬৬ একটি খরা সহনশীল জাত। প্রজনন পর্যায়ে সর্বোচ্চ ১৫-২০ দিন বৃষ্টি না হলেও ফলনের তেমন কোন ক্ষতি হয় না। সে সময় Parch Water table Depth ভূপৃষ্ট (Surface) থেকে ৭০-৮০ সে:মি: নিচে থাকলে এবং মাটির আদ্রতা ২০% এর নীচে হলেও এ জাতটি ভাল ফলন দিতে সক্ষম।,জাতটির জীবনকাল ১১০-১১৫ দিন ।,"উপযুক্ত পরিচর্যা পেলে ব্রি ধান৬৬ এর ফলন হেক্টরে ৪.৫ টন থেকে ৫.০ টন পর্যন্ত পাওয়া যায় । তবে প্রজনন পর্যায়ে বৃষ্টির অভাবে ১৫-২০
দিন খরা পড়লে হেক্টরে ৪.০-৪.৫টন ফলন পাওয়াযায়।","জাতটি বৃষ্টি নির্ভর রোপা আমন মৌসুমের জন্য উপযোগী। চাষাবাদ পদ্ধতি অন্যান্য উফশী রোপা আমন ধানের মতই। 
১. বীজ তলায় বীজ বপন: ১৫ আষাঢ় থেকে ৩০ আষাঢ় (২৯ জুন ১৪ জুলাই)। -
২. চারার বয়স: ২৫-৩০ দিন। 
৩. চারার সংখ্যা: প্রতি গুছিতে ২/৩টি। 
৪. রোপন দুরত্ব: ২০ সেমি x ১৫ সেমি। 
৫. সার ব্যবস্থাপনা (কেজি/বিঘা): 
৫.১ 
ইউরিয়া ২৪ 
টিএসপি ১০ 
এমওপি ১০ 
জিপসাম ৮ 
জিংক সালফেট ১ 
৫.২ সর্বশেষ জমি চাষের সময় সবটুকু টিএসটি, এমওপি, জিপসাম এবং জিংক সালফেট একসাথে প্রয়োগ করা উচিত। ইউরিয়া সার সমান তিন কিস্তিতে যথা জমি তৈরীর শেষ পর্যায়ে ১ম কিস্তি রোপনের ২৫-৩০ দিন পর ২য় কিস্তি এবং ৩৫-৪০ দিন পর ৩য় কিস্তি প্রয়োগ করতে হবে। 
৬. আগাছা দমন: রোপনের পর অন্তত ২৫-৩০ দিন পর্যন্ত জমি আগাছা মুক্ত রাখতে হবে। 
৭. সেচ ব্যবস্থাপনা: চাল শক্ত হওয়া পর্যন্ত প্রয়োজনে সম্পূরক সেচ দিতে হবে। 
৮. রোগবালাই দমন: ব্রি ধান৬৬ জাতে রোগবালাই ও পোকার আক্রমন প্রচলিত অন্যান্য জাতের চেয়ে অনেক কম। তবে রোগবালাই ও পোকার আক্রমন দেখা দিলে বালাইনাশক প্রয়োগ করা উচিত। 
৯. ফসল পাকা ও কাটা: ধান কাটার উপযুক্ত সময় হলো ১০-২৫ কার্তিক (২৫ অক্টোবর- ১০ নভেম্বর)।",
ব্রি ধান৮৭,ব্রি ধান৮৭ আমন মৌসুমের একটি জাত। এর কৌলিক সারি BR(Bio)9786-BC2-132-1-3। প্রথমে বাংলাদেশ ধান গবেষণা ইনস্টিটিউট কর্তৃক উদ্ভাবিত জাত ব্রি ধান২৯ এর সাথে বন্য ধান Oryza rufipogon (IRGC acc. no 103404) এর সংকরায়ণ করা হয়। পরবর্তীতে দুই বার Backcross করা হয় এবং এরপর Pedigree Method এ হোমোজাইগাস কৌলিক সারি নির্বাচন করে এই সারিটি উদ্ভাবন করা হয়। বাংলাদেশ ধান গবেষণা ইনস্টিটিউটের গবেষণা মাঠে হোমোজাইগাস কৌলিক সারি নির্বাচনের পর ৩ বৎসর ফলন পরীক্ষা করা হয় এবং পরবর্তীতে উক্ত কৌলিক সারিটি আমন ২০১৬ মৌসুমে বাংলাদেশের বিভিন্ন এলাকায় কৃষকের মাঠে পরীক্ষা নিরীক্ষা করা হয়। কৃষকের মাঠে ফলন পরীক্ষায় উক্ত কৌলিক সারিটির জীবনকাল ব্রি ধান৪৯ এর চেয়ে ৭দিন আগাম এবং ফলন বেশী হওয়ায় আমন মৌসুমের একটি জাত হিসাবে চুড়ান্তভাবে নির্বাচিত হয়।,"পূর্ণ বয়স্ক গাছের গড় উচ্চতা ১২২ সেঃ মিঃ। 
এ জাতের গাছের কান্ড শক্ত তাই গাছ লম্বা হলেও ঢলে পড়েনা। 
পাতা হালকা সবুজ। ডিগ পাতা খাড়া এবং ব্রি ধান৪৯ এর চেয়ে লম্বা ও প্রশস্ত। পাকার সময় কান্ড ও পাতা সবুজ থাকে। 
দানা লম্বা ও চিকন। 
১০০০ টি পুষ্ট ধানের ওজন প্রায় ২৪.১ গ্রাম। 
চালের আকার আকৃতি লম্বা ও চিকন।
এ ধানের অ্যামাইলোজ ২৭%।","ব্রি ধান৮৭ এর জীবনকাল ব্রি ধান৪৯ এর চেয়ে ৭ দিন আগাম। এ জাতের কান্ড শক্ত, পাতা হালকা সবুজ এবং ডিগ পাতা খাড়া, লম্বা ও চওড়া। ধানের ছড়া লম্বা ও ধান পাকার সময় ছড়া ডিগ পাতার উপরে থাকে। ধান লম্বা এবং চাল সোজা। চালের আকার আকৃতি লম্বা ও চিকন থাকায় কৃষক ধানের দাম বেশী পাবে। চাল রপ্তানীযোগ্য।",এ জাতের জীবন কাল ১২৭ দিন।,এ জাতটি হেক্টরে ৬.৫০ টন পর্যন্ত ফলন দিতে সক্ষম |,"এ জাতটি রোপা আমন মৌসুমে বৃষ্টি নির্ভর চাষাবাদ উপযোগী। এ ধানের চাষাবাদ অন্যান্য উফশী রোপা আমন ধানের মতই। 
১. বীজ বপনের সময়: ১৫ জুন থেকে ৭ জুলাই পর্যন্ত অর্থাৎ ১ থেকে ২১ আষাঢ়। 
২. চারার বয়সঃ ২৫-৩০ দিন। 
৩. রোপন দুরত্বঃ ২৫×১৫ সেমি 
৪. চারা রোপনের সময়ঃ ৭ জুলাই থেকে ১৫ই আগষ্ট পর্যন্ত 
৫. চারার সংখ্যাঃ প্রতি গুছিতে ২/৩টি করে। 
৬. সার ব্যবস্থাপনা (কেজি/বিঘা): 
৬.১ 
ইউরিয়া ২৪
টিএসপি ১১
এমপি ১৩
জিপসাম ৯
জিংক সালফেট ১.৬ 

৬.২ শেষ জমি চাষের সময় সবটুকু টিএসপি, অর্ধেক এমপি, জিপসাম এবং জিংক সালফেট প্রয়োগ করতে হবে। ইউরিয়া সার সমান তিন কিস্তিতে যথা রোপনের ১০-১২ দিন পর ১ম কিস্তি, ২০-২৫ দিন পর ২য় কিস্তি এবং ৩৫-৪০ দিন পর ৩য় কিস্তি প্রয়োগ করতে হবে। বাকী অর্ধেক এমপি তৃতীয় কিস্তি ইউরিয়ার সাথে প্রয়োগ করতে হবে। 
৭. আগাছা দমনঃ চারা রোপণের পর অন্তত ৩৫-৪০ দিন পর্যন্ত জমি আগাছামুক্ত রাখতে হবে। 
৮. সেচ ব্যবস্থাপনাঃ চাল শক্ত হওয়া পর্যন্ত প্রয়োজনে সম্পূরক সেচ দিতে হবে। 
৯. রোগ বালাই ও পোকামাকড় দমন: ব্রি ধান৮৭ এ রোগ বালাই ও পোকামাকড়ের আক্রমণ প্রচলিত জাতের চেয়ে কম হয়। তবে রোগবালাই ও পোকা মাকড়ের আক্রমণ দেখা দিলে সমন্বিত বালাই দমন ব্যবস্থাপনা ব্যবহার করা উচিৎ। রোগবালাই ও পোকামাক েআক্রমণ বেশি হলে অনুমোদিত বালাইনাশক প্রয়োগ করতে হবে। 
১০. ফসল কাটাঃ ১০ কার্তিক ১ অগ্রাহায়ন (২৫ অক্টেবর-১৫ নভেম্বর) ধান কাটার উপযুক্ত সময়।",
ব্রি ধান৭৭,ব্রি ধান৭৭ এর কৌলিক সারি নং বিআর ৭৯৪১-১১৬-১-২-১। সারিটি আইআর ৭৫৮৬২-২০৮-৮-বি-বি-এইচআর১ এবং বিআর৬১১০-১০-১-২-এর মধ্যে শংকরায়নের মাধ্যমে উদ্ভাবিত। বাংলাদেশ ধান গবেষণা ইনস্টিটিউট গাজীপুরে এবং ব্রি আঞ্চলিক কার্যালয় বরিশাল এবং সংলগ্ম জোয়ার ভাটা অঞ্চলে উক্ত কৌলিক সারিটি বিভিন্ন পর্যায়ে পরীক্ষা-নিরীক্ষা এবং কৃষকের মাঠে ফলন পরীক্ষা সন্তোসজনক হওয়ায় ২০১৫ সালে জাতীয় বীজ বোর্ড কর্তৃক আমন মৌসুমে চাষাবাদের জন্য জাত হিসাবে অনুমোদন দেয়া হয়।,"▶ জাতটি অধিক ফলনশীল। 
▶ পূর্ণ বয়স্ক গাছের গড় উচ্চতা ১৪০ সেমি। 
▶ গাছ মজবুত বিধায় ঢলে পড়ে না। 
▶ ডিগ পাতা খাড়া ও সবুজ রঙের। 
▶ ১০০০ টি পুষ্ট ধানের ওজন প্রায় ২৯.৩ গ্রাম। 
▶ চালের আকার আকৃতি মোটা এবং রং সাদা।","ব্রি ধান৭৭ এর জীবনকাল ব্রি ধান৪৪ এর চেয়ে গড়ে ৩-৫ দিন আগাম কিন্তু গড় ফলন প্রতি হেক্টরে ০.৬ টন পর্যন্ত বেশী। এ জাতের চারার দৈঘ্য প্রায় ৬০ সেমি যা স্থানীয় জাতের যেমন- সাদামোটা, দুধকলম ইত্যাদির প্রায় সমান। জমিতে রোপনের পর জোয়ারভাটায় মাথা ভেসে থাকে তাতে পানির চাপেও গাছ বেঁচে থাকতে পারে।",এ জাতের গড় জীবন কাল ১৫৪ দিনযা স্থানীয় জাত দুধকলমের প্রায় সমান ।,হেক্টর প্রতি গড় ফলন ৪.৫ টন | তবে উপযুক্ত পরিচর্যা পেলে জোয়ারভাটা সহ্য করে হেক্টরে প্রতি ৫.০ টন পর্যন্ত ফলন দিতে সক্ষম ।,"এ ধানের চাষাবাদ অন্যান্য উফশী আমন ধানের জাতের মতই। 
১. বীজ তলায় বীজ বপন: বীজ বপনের উপযুক্ত সময় হলো ১৭-৩১ আষাঢ় অর্থাৎ (০১-১৫ জুলাই)। 
২. চারার বয়সঃ ৩৫-৪০ দিন। চারার বয়স ৫০-৫৫ দিন হলেও ফলনে তেমন হেরফের হয় না। 
৩. রোপণ দুরত্বঃ ২৫ সেমি × ১৫ সেমি ব্যবধানে রোপন করতে হবে। 
৪. চারার সংখ্যাঃ প্রতি গোছায় ২-৩টি করে। 
৫. চাষের জন্য উপযুক্ত জমিঃ মাঝারি নীচু থেকে স্বল্প নীচু জমি এ ধান চাষের জন্য উপযুক্ত। 
৬. সার ব্যবস্থাপনা (কেজি/বিঘা)ঃ 
৬.১ ইউরিয়া ২৬ 
ডিএপি ৮
এমওপি ১৪
জিপসাম ৯ 
৬.২ জমি তৈরির শেষ চাষে সমস্ত ডিএপি/টিএসপি-এমওপি-জিপসাম প্রয়োগ করতে হবে। ইউরিয়া সমান ভাগে তিন কিস্তিতে প্রয়োগ করতে হবে। ১ম কিস্তি চারা রোপণের ৭-১০ দিন পর, ২য় কিস্তি চারা রোপণের ২৫-৩০ দিন পর এবং ৩য় কিস্তি কাইচ থোড় আসার ৫-৭ দিন পূর্বে প্রয়োগ করতে হবে। 
* ডিএপি সার ব্যবহার করলে সবৰেত্রেই প্রতি কেজিতে ৪০০ গ্রাম ইউরিয়া কম ব্যবহার করলেই হবে 
৭. আগাছা দমনঃ রোপনের পর অন্তত ২৫-৩০ দিন পর্যন্ত জমি আগাছা মুক্ত রাখতে হবে। 
৮. সেচ ব্যবস্থাপনা: থোড় অবস্থা থেকে দুধ অবস্থা পর্যন্ত জমিতে পর্যাপ্ত রসের ব্যবস্থা রাখতে হবে। 
৯. রোগ বালাই ও পোকামাকড় দমন: ব্রি ধান৭৭ এ রোগ বালাই ও পোকামাকড়ের আক্রমণ প্রচলিত জাতের চেয়ে অনেক কম হয়। তবে রোগবালাই ও পোকা মাকড়ের আক্রমণ দেখা দিলে বা আক্রান্ত বেশী হলে অনুমোদিত বালাইনাশক প্রয়োগ করতে হবে। 
১০. ফসল কাটা: অগ্রহায়ন মাসের মাঝামাঝি (ডিসেম্বর মাসের ১ম সপ্তাহ) ধান কাটার উপযুক্ত সময়। শীষের শতকরা ৮০ ভাগ ধান পেকে গেলে দেরি না করে ধান কেটে নেওয়া উচিৎ।",
"
বি ধান৭৫","ব্রি ধান৭৫ রোপা আমন মৌসুমে জাত। এর কৌলিক সারি নং HUA565। উক্ত কৌলিক সারিটি আন্তর্জাতিক ধান গবেষণা ইনস্টিটিউট, ফিলিপিন্সে Yuefengzhan এবং E-Zhong5 নামক Genotype এর সাথে সংকরায়ন করে বংশানুক্রম সিলেকশন (Pedigree Selection) এর মাধ্যমে উদ্ভাবিত। বাংলাদেশ ধান গবেষণা ইনষ্টিটিউট উক্ত কৌলিক সারিটি আন্তর্জাতিক ধান গবেষণা ইনস্টিটিউট হতে Introduction করে। পরবর্তীতে কৌলিক সারিটি ব্রি গাজীপুর, আঞ্চলিক কার্যালয় ও দেশের বিভিন্ন এলাকায় কৃষকের মাঠে পরীক্ষা","▶ জাতটি অধিক ফলনশীল। 
▶ পূর্ণ বয়স্ক গাছের গড় উচ্চতা ১৪০ সেমি। 
▶ গাছ মজবুত বিধায় ঢলে পড়ে না। 
▶ ডিগ পাতা খাড়া ও সবুজ রঙের। 
▶ ১০০০ টি পুষ্ট ধানের ওজন প্রায় ২৯.৩ গ্রাম। 
▶ চালের আকার আকৃতি মোটা এবং রং সাদা।",ব্রি ধান৭৫ এর জীবনকাল ব্রি ধান৩৩ এর মতই। ব্রি ধান৭৫ জাতের অন্যতম বৈশিষ্ট্য হলো কান্ড শক্ত তাই হেলে পড়েনা এবং শীষ থেকে ধানও ঝরে পড়ে না। চালে সামান্য সুগন্ধি আছে তবে রান্না করার সময় সুগন্ধিটা অনেক বেশী পাওয়া যায়। সারের মাত্রা অন্যান্য উফশী জাতের চেয়ে ২০% কম লাগে।,এ জাতের গড় জীবনকাল ১১০-১১৫ দিন।,ব্রি ধান ৭৫ এর গড় ফলন হেক্টর প্রতি ৪.৫টন। তবে উপযুক্ত পরিচর্যা পেলে হেক্টরে ৫.৫ টন পর্যন্ত ফলন দিতে সক্ষম।,"১. বীজ তলায় বীজ বপনঃ ৬ শ্রাবণ থেকে ৫ ভাদ্র (২১ জুলাই থেকে ২০ আগস্ট)। 
২. চারার বয়সঃ ২১-২৫ দিন। 
৩. চারার সংখ্যাঃ প্রতি গুছিতে ২-৩ টি। 
৪. রোপন দুরত্বঃ ২০×১৫ সেন্টিমিটার। 
৫. সার ব্যবস্থাপনা (কেজি/বিঘা)ঃ 
ইউরিয়া ২০
টিএসপি ৭
এমপি ১১
জিপসাম ৮ 
জিংক সালফেট ১.৫
৫.১ সর্বশেষ জমি চাষের সময় সবটুকু টিএসপি, এমপি, জিপসাম এবং জিংক সালফেট প্রয়োগ করতে হবে। 
৫.২ ইউরিয়া সার সমান তিন কিস্তিতে যথা রোপনের ৭-১০ দিন পর ১ম কিস্তি, ২০-২৫ দিন পর ২য় কিস্তি এবং ৩৫-৪০ দিন পর ৩য় কিস্তি প্রয়োগ করতে হবে। 
৬. আগাছা দমনঃ রোপনের পর অন্তত ২৫-৩০ দিন পর্যন্ত জমি আগাছা মুক্ত রাখতে হবে 
৭. সেচ ব্যবস্থাপনাঃ চাল শক্ত হওয়া পর্যন্ত প্রয়োজনে সম্পূরক সেচ দিতে হবে। 
৮. রোগ বালাই ও পোকামাকড়: ব্রি ধান৭৫ এ রোগ বালাই ও পোকামাকড়ের আক্রমন প্রচলিত জাতের চেয়ে অনেক কম হয়। তবে রোগবালাই ও পোকা মাকড়ের আক্রমণ দেখা দিলে সমন্বিত বালাই দমন ব্যবস্থাপনার মাধ্যমে রোগবালাই ও পোকামাকড় দমন করতে হবে। 
৯. ফসল পাকা ও কাটা: কার্তিক মাসের শেষ সপ্তাহ থেকে অগ্রহায়ন মাসের মাঝামাঝি ধান কাটার উপযুক্ত সময়। তবে আগাম আলু বা সরিষা চাষ করতে চাইলে ২০ আষাঢ় এর মধ্যে বীজতলায় বীজ বপন করলে কার্তিক মাসের মাঝামাঝি ধান কাটা যাবে। শীষের শতকরা ৮০ ভাগ ধান পেকে গেলে দেরি না করে ধান কেটে নেওয়া উচিৎ।",
ব্রি ধান৭৬,ব্রি ধান৭৬ এর কৌলিক সারি নং বিআর ৭৯৪১-৪১-২-২-২-৪। সারিটি আইআর ৭৫৮৬২-২০৮-৮-বি-বি-এইচআর১ এবং বিআর৬১১০-১০-১-২ এর মধ্যে শংকরায়নের মাধ্যমে উদ্ভাবিত। উক্ত কৌলিক সারিটি বাংলাদেশ ধান গবেষণা ইনস্টিটিউট গাজীপুর ও বি আঞ্চলিক কার্যালয় বরিশাল এবং সংলগ্ন জোয়ার ভাটা অঞ্চলে বিভিন্ন পর্যায়ে পরীক্ষা-নিরীক্ষার পর এবং কৃষকের মাঠে ফলন পরীক্ষায় সন্তোসজনক। হওয়ায় ২০১৫ সালে জাতীয় বীজ বোর্ড কর্তৃক আমন মৌসুমে কৃষক পর্যায়ে চাষাবাদের জন্য জাত হিসাবে অনুমোদন লাভ করে।,"আধুনিক উফশী ধানের সকল বৈশিষ্ট্য বিদ্যমান। 
অঙ্গজ অবস্থায় গাছের আকার ও আকৃতি লম্বা। 
পূর্ণ বয়স্ক গাছের গড় উচ্চতা ১৪০ সে. মি। 
গাছ মজবুত বিধায় ঢলে পড়ে না। 
ডিগ পাতা খাড়া ও সবুজ রঙের। 
১০০০ টি পুষ্ট ধানের ওজন প্রায় ২৫.৬ গ্রাম।","ব্রি ধান৭৭ এর জীবনকাল ব্রি ধান৪৪ এর চেয়ে গড়ে ৩-৫ দিন আগাম কিন্তু গড় ফলন প্রতি হেক্টরে ০.৬ টন পর্যন্ত বেশী। এ জাতের চারার দৈর্ঘ্য প্রায় ৬০ সেমি যা স্থানীয় জাতের যেমন- সাদামোটা, দুধকলম ইত্যাদির প্রায় সমান। জমিতে রোপনের পর জোয়ারভাটায় মাথা ভেসে থাকে তাতে পানির চাপেও গাছ বেঁচে থাকতে পারে।",এ জাতের গড় জীবন কাল ১৫৩ দিন।,হেক্টর প্রতি গড় ফলন ৪.৫টন | তবে উপযুক্ত পরিচর্ধা পেলে জোয়ারভাটা সহ্য করে হেক্টরে ৫.০ টন পর্যন্ত ফলন দিতে পারে ।,"১. বীজ তলায় বীজ বপনঃ ১৭-৩১ আষাঢ় (১ জুলাই থেকে-১৫ জুলাই)। 
২. চারার বয়স: ৩৫-৪০ দিন। 
৩. চারার সংখ্যাঃ প্রতি গুছিতে ২-৩ টি। 
৪. রোপন দুরত্বঃ ২৫×১৫ সেন্টিমিটার। 
৫. জমির ধরণঃ মাঝারি নীচু থেকে স্বল্প নীচু জমি। 
৬. সার ব্যবস্থাপনা (কেজি/বিঘা)ঃ 
ইউরিয়া ২৬
টিএসপি ১০
এমপি ১৩
জিপসাম ৯
জিংক সালফেট ১
৬.১ সর্বশেষ জমি চাষের সময় সবটুকু টিএসপি, এমপি, জিপসাম এবং জিংক সালফেট প্রয়োগ করতে হবে। 
৬.২ ইউরিয়া সার সমান তিন কিস্তিতে যথা রোপনের ১৫ দিন পর ১ম কিস্তি, ২৫-৩০ দিন পর ২য় কিস্তি এবং ৪৫-৫০ দিন পর ৩য় কিস্তি প্রয়োগ করতে হবে। 
৭. আগাছা দমনঃ রোপনের পর অন্তত ২৫-৩০ দিন পর্যন্ত জমি আগাছা মুক্ত রাখতে হবে। 
৮. রোগ বালাই ও পোকামাকড়: ব্রি ধান৭৬ এ রোগ বালাই ও পোকামাকড়ের আক্রমণ প্রচলিত জাতের চেয়ে অনেক কম হয়। তবে রোগবালাই ও পোকা মাকড়ের আক্রমণ দেখা দিলে সমন্বিত বালাই দমন ব্যবস্থাপনার মাধ্যমে রোগবালাই ও পোকামাকড় দমন করতে হবে। 
৯. ফসল পাকা ও কাটা: অগ্রহায়ন মাসের শেষ সপ্তাহ (ডিসেম্বর মাসের ২য় সপ্তাহ) ধান কাটার উপযুক্ত সময়। শীষের শতকরা ৮০ ভাগ ধান পেকে গেলে দেরি না করে ধান কেটে নেওয়া উচিৎ। 
",
ব্রি ধান৭৮,ব্রি ধান৭৮ আমন মৌসুমের জাত। এর কৌলিক সারি নং IR770092-B-2R-B-10। আন্তর্জাতিক ধান গবেষণা ইনস্টিটিউটের BMZ ও বাংলাদেশ ধান গবেষণা ইনস্টিটিউটের BAS-USDA দুইটি প্রকল্পের যৌথ উদ্যোগে প্রচলিত গবেষণায় শংকরায়ন এবং Modified Marker Assisted Selection পদ্ধতিতে এ জাতে লবণাক্ততা ও জলমগ্নতা সহিষ্ণু জিন সন্নিবেশন করা হয়েছে। দেশের উপকূলীয় লবণাক্ততা প্রবণ (৬-৯ dS/m) জোয়ার-ভাটা অঞ্চলে ফলন পরীক্ষায় সন্তোষজনক হওয়ায় জাতীয় বীজ বোর্ড কর্তৃক ২০১৬ সালে রোপা আমন মৌসুমে জাত হিসেবে ছাড়করণ করা হয়েছে।,"রোপা আমন মৌসুমে একই সাথে উপকূলীয় লবণাক্ততা ও জোয়ার-ভাটা সহিষ্ণু জাত। 
চারা ও ফুল ফোটা উভয় অবস্থায় ৬-৯ ডিএস/মি মাত্রা পর্যন্ত লবণাক্ততা সহনশীল। 
ডিগ পাতা খাড়া ও লম্বা, পাতার রং গাঢ় সবুজ। 
গাছের চারা বেশ লম্বা ও পূর্ণ বয়স্ক গাছের উচ্চতা প্রায় ১২০ সেমি। 
কুশিগুলো গাছের গোড়ার দিকে ঘনভাবে সন্নিবেশিত ও গাছ মজবুত। 
ধান ও চালের আকৃতি চিকন এবং তবে লম্বায় মাঝারী। 
১০০০ টি পুষ্ট চালের ওজন প্রায় ২৪.২ গ্রাম। 
ভাত ঝরঝরে, রং সাদা।",একই সাথে জোয়ার-ভাটা অঞ্চলের জলমগ্নতা ও লবনাক্ততা সহিষ্ণু জাত। এটি চারা ও ফুল আসা উভয় অবস্থায় ৬-৯ ডিএস/মি মাত্রার লবণাক্ততা এবং ১২-১৪ দিন জলমগ্নতা সহনশীল জাত। গাছের উচ্চতা প্রায় ১২০ সেমি যা রোপা আমন মৌসুমে উপকূলীয় জোয়ার-ভাটা অঞ্চলের জন্য উপযোগী।,গড় জীবন কাল ১৩৫ দিন।,৬-৮ ডিএস/মি মাত্রার লবনাক্ততায় ৪.৫-৪.৭ টন/হেক্টর এবং ৪-৫ ডিএস/মি মাত্রার কম লবনাক্ততায় ৫.০-৫.৫ টন/হেক্টর ।,"এ ধানের চাষাবাদ পদ্ধতি অন্যান্য উপকূলীয় উফশী আমন ধানের মতই। 
১. বীজ তলায় বীজ বপন: আষাঢ়ের ১১-২৬ তারিখ (২৫ জুন থেকে ১০ জুলাই)। 
২. চারার বয়স: ৩০-৩৫ দিন। 
৩. চারার সংখ্যা: প্রতি গুছিতে ২/৩ টি। 
৪. রোপণ দূরত্বঃ ২০ × ১৫ সেমি। 
৫. ২৫-৩০ সেমি জোয়ারের গভীরে মাঝারি-উচু থেকে নিচু জমি এ ধানের লম্বা চারা রোপণের জন্য উপযুক্ত। 
৬. সার ব্যবস্থাপনা (কেজি/বিঘা)ঃ 
৬.১ ইউরিয়া ২০ 
টিএসপি ১৩ 
এমওপি ৯ 
জিপসাম ৮ 
জিংক ১ 
৬.২ অগভীর জোয়ারের সময়, সর্বশেষ জমি চাষের সময় সব টিএসপি, এমপি, জিপসাম এবং জিংক সালফেট প্রয়োগ করতে হবে। ইউরিয়া সার সমান ৩ কিস্তিতে রোপণের ১০-১৫ দিন পর ১ম কিস্তি, ৩০ দিন পর ২য় কিস্তি এবং ৫০ দিন পর ৩য় কিস্তি প্রয়োগ করতে হবে। অগভীর জোয়ারের সময়কালের সাথে মিল করে ইউরিয়া সার প্রয়োগ করতে হবে, জোয়ারের গভীরতা ২০-২৫ সেমি এর বেশী হলে ইউরিয়া সার প্রয়োগ করা যাবে না। 
৭. আগাছা দমনঃ চারা রোপণের পর অন্তত ২০-২৫ দিন পর্যন্ত জমি আগাছা মুক্ত রাখতে হবে। 
৮. রোগবালাই ও পোকামাকড় দমন: রোগ-বালাই ও পোকামাকড়ের আক্রমণ অন্যান্য জাতের চেয়ে কম হয়। তবে রোগবালাই ও পোকার আক্রমণে সমন্বিত বালাই দমন ব্যবস্থা প্রয়োগ করতে হবে। 
৯. ফসল কাটা: ধান কাটার উপযুক্ত সময় হলো ১০-১৫ অগ্রহায়ন (নভেম্বরের শেষ সপ্তাহ)।",
বি ধান৮০,ব্রি ধান৮০ বৃষ্টি নির্ভর রোপা আমন মৌসুমের জাত। এর কৌলিক সারি বিআর ৭৬৯৭-১৫-৪-৪-২-২। জাতটি আইআর৬৫৬১০-১০৫-২-৫-২-২ এবং আইআর৬৭৪২৩-২০৮-৬-২-৩-৩ নামক জেনোটাইপ এর সাথে সংকরায়ণ করে উদ্ভাবন করা হয়। জাতটি জাতীয় বীজ বোর্ড কর্তৃক ২০১৭ সালে রোপা আমন মৌসুমের জন্য ছাড়করণ করা হয়।,"ব্রি ধান৮০ এ আধুনিক উফশী ধানের সকল বৈশিষ্ট্য বিদ্যমান 
গাছের আকার ও আকৃতি ব্রি ধান৩৭ এর মতো তবে পাতা এবং দানার আকার আকৃতি একটু মোটা 
এ গাছের কান্ড ব্রি ধান৩৭ এর চেয়ে শক্ত এবং গোড়া গাঢ় বাদামী বর্ণের 
ডিগপাতা খাড়া ও লম্বা 
পূর্ণ বয়স্ক গাছের উচ্চতা ১২০ সেমি 
১০০০ টি পুষ্ট ধানের ওজন ২৬.২ গ্রাম 
চালে অ্যামাইলোজ ২৩.৬%",এ ধানের চাল থাইল্যান্ডের জনপ্রিয় জেসমিন ধানের মত এবং সুগন্ধি থাকায় বিদেশে রপ্তানীযোগ্য ।,১৩০-১৩৫ দিন,হেক্টরে ৪.৫-৫.০টন,"১. বীজ বপনের সময়: ২১ আষাঢ়-১০ শ্রাবণ (৫-২৫ জুলাই) 
২. চারার বয়স ও সংখ্যাঃ ২৫ দিনের চারা প্রতি গুছিতে ২-৩ টি 
৩. রোপনের দূরত্বঃ ২০ সেমি × ১৫ সেমি 
৪. সারের মাত্রাঃ 
ইউরিয়া ২৪
টিএসপি ১০
এমপি ১৩
জিপসাম ৯
জিংক সালফেট ১.৩  
সর্বশেষ জমি চাষের সময় সম্পূর্ণ টিএসপি, অর্ধেক এমওপি, জিপসাম এবং জিংক সালফেট প্রয়োগ করতে হবে। ইউরিয়া সার সমান তিন কিস্তিতে রোপনের (১০-১৫ দিন, ২৫-৩০ দিন এবং ৪০-৪৫ দিন) পর প্রয়োগ করতে হবে। বাকী অর্ধেক এমওপি তৃতীয় কিস্তি ইউরিয়ার সাথে প্রয়োগ করতে পারে। 
৫. রোগবালাই ও পোকামাকড়: ব্রি ধান৮০ এ রোগবালাই ও পোকা মাকড়ের আক্রমণ তুলনামুলক কম। তবে রোগবালাই ও পোকা মাকড়ের আক্রমণ দেখা দিলে সমন্বিত বালাই দমন ব্যবস্থাপনা ব্যবহার করতে হবে। 
৬. আগাছা দমনঃ চারা রোপণের অন্তত ৩৫-৪০ দিন পর্যন্ত জমি আগাছামুক্ত রাখতে হবে। 
৭. ফসল কাটাঃ অগ্রহায়ণের ১-১১ (১৫-২৫ নভেম্বর)।",
বি আর৪২০,"বিআর৪ একটি আমন ধানের জাত। বাংলাদেশ ধান গবেষণা ইনস্টিটিউট
আইআর২০ এবং আইআর৫-১১৪-৩-১ -এর মধ্যে সঙ্করায়ণ করে ১৯৭৫ সালে
বিআর৪ উদ্ভাবন করেছে। জাতটির জনপ্রিয় নাম ব্রিশাইল।","এটি একটি আলোক সংবেদনশীল জাত।
বিআর৪২০-এর উচ্চতা ১২৫ সেন্টিমিটার।
চাল মাঝারি মোটা ও সাদা।","বিআর৪২০ একটি আলোক সংবেদনশীল জাত বলে ভাদ্র মাসের মাঝামাঝি পর্যন্ত বপন করে ভাল ফলন পাওয়া যাবে। অর্থাৎ নাবী
চাষের জন্যও এ জাতটি উপযুক্ত। ফলনও স্থানীয় জাতের তুলনায় প্রায় দ্বিগুণ এবং বাজার মূল্য ভাল বিধায় এ জাত চাষ করে
কৃষকগণ লাভবান হতে পারেন।","জীবনকাল ১৪৫ দিন। তবে আলোক-সংবেদনশীল বিধায় এর প্রকৃত জীবনকাল
বপন ও রোপণের সময়ের উপরই নির্ভরশীল।","এর ফলন হেক্টর প্রতি ৫ টন।
১৯৭৬ সালে আন্তর্জাতিক ফলন প্রতিযোগিতায়
বিআর৪ প্রথম স্থান অধিকার করে।","১. বীজতলায় বীজ বপন ঃ ১-৩০ আষাঢ় (১ জন-১৫ জুলাই)।
২. চারার বয়স ঃ ৩০-৩৫ দিন।
৩. রোপণের সময় ঃ বিআর৪-এর বীজ বপনের সবচাইতে ভাল সময় হলো আষাঢ় মাস। এসময় বীজ বপন করলে শ্রাবণের
মাঝামাঝি থেকে শেষ পর্যন্ত চারা রোপণ করা যায় এবং কার্তিকের ২য়-৩য় সপ্তাহ নাগাদ ফুল ফোটে।
৪. চারা রোপণ ঃ গোছা প্রতি ২-৩ টি সুস্থ চারা রোপণ করতে হবে।
৫. রোপণ দূরত্ব ঃ ২০ ী ১৫ সেন্টিমিটার।
৬. সার ব্যবস্থাপনা (কেজি/বিঘা) ঃ
৬.১ ইউরিয়া ২৪, টিএসপি ১৩, এমপি ৯, জিপসাম ৮ জিঙ্ক ১.৫
৬.২ ইউরিয়া সার সমান ৩ কিস্তিতে জমি তৈরির শেষ পর্যায়ে, চারা রোপণের ২০-২৫ এবং ৫৫ দিন পর প্রয়োগ করতে
হবে। তবে এলসিসি ভিত্তিক ইউরিয়া উপরি প্রয়োগ করা উত্তম।
৭. আগাছা দমন ঃ রোপণের পর ৩০-৪০ দিন পর্যন্ত জমি আগাছামুক্ত রাখা আবশ্যক।
৮. সেচ ব্যবস্থাপনা ঃ ধানের চাল শক্ত হওয়া পর্যন্ত প্রয়োজনে সম্পূরক সেচ দিতে হবে।
৯. রোগবালাই দমন ঃ বিআর৪ পাতাপোড়া রোগ মধ্যম প্রতিরোধশীল। কীটপতঙ্গ ও বালাই দমনে অনুমোদিত পদ্ধতি
অনুসরণ করা যেতে পারে।
১০. ফসল কাটা ঃ ১০-১৫ অগ্রহায়ণ (২৫-৩০ নভেম্বর)।",
বিআর৫২০,"বিআর৫২০ বা দুলাভোগ আমন মৌসুমের ধান। স্থানীয় বাদশাভোগ ধান থেকে
বিশুদ্ধ সারি বাছাইকরণের পদ্ধতিতে বিআর৫ বাংলাদেশ ধান গবেষণা
ইনস্টিটিউট ১৯৭৬ সালে উদ্ভাবন করে।","এ ধানের চালে সুগন্ধ আছে বিধায় পোলাও করার জন্য খুবই উপযোগী।
এর উচ্চতা ১২০ সেন্টিমিটার।
চাল ছোট ও গোলাকৃতি।","বিআর৫২০ একটি আলোক সংবেদনশীল জাত বলে ভাদ্র মাসের মাঝামাঝি পর্যন্ত বপন করে ভাল ফলন পাওয়া যাবে। অর্থাৎ নাবী
চাষের জন্যও এ জাতটি উপযুক্ত। ফলনও স্থানীয় জাতের তুলনায় প্রায় দ্বিগুণ এবং বাজার মূল্য ভাল বিধায় এ জাত চাষ করে
কৃষকগণ লাভবান হতে পারেন।",এ জাতের জীবনকাল ১৫০ দিন ।,হেক্টর প্রতি ৩ টন।,"
বীজতলায় বীজ বপন ঃ ১০-১৫ শ্রাবণ (২৫-৩০ জুলাই)।
চারার বয়স ঃ ২৫-৩০ দিন।
রোপণ দূরত্ব ঃ ২০ × ১৫ সেন্টিমিটার।
সার ব্যবস্থাপনা (কেজি/বিঘা) ঃ
ইউরিয়া ২০, টিএসপি ১৩, এমপি ৯, জিপসাম ৮, জিঙ্ক ১.৫ 
৪.২ ইউরিয়া সার সমান ৩ কিস্তিতে জমি তৈরির শেষ পর্যায়ে, রোপণের ২০-২৫ এবং ৬০ দিন পর প্রয়োগ করতে হবে।
তবে এলসিসি ভিত্তিক ইউরিয়া প্রয়োগ করা উত্তম।
আগাছা দমন ঃ রোপণের পর অস্তত ৩০-৪০ দিন পর্যন্ত জমি আগাছামুক্ত রাখা আবশ্যক।
সেচ ব্যবস্থাপনা ঃ ধানের চাল শক্ত হওয়া পর্যন্ত প্রয়োজনে সম্পূরক সেচ দিতে হবে।
রোগবালাই দমন ঃ বিআর৫ টুংরো ও ব-াস্ট রোগ প্রতিরোধশীল জাত।
ফসল পাকা ও কাটা ঃ ১০-১৫ অগ্রহায়ণ (২৫-৩০ নভেম্বর)।",
বিআর১০,বিআর১০ একটি আমন ধানের জাত। এর জনপ্রিয় নাম প্রগতি। বাংলাদেশ ধান গবেষণা ইনস্টিটিউট ১৯৮০ সালে এ জাত উদ্ভাবন করেছে। আন্তর্জাতিক ফলন প্রতিযোগিতায় এ জাত শীর্ষ ফলন তালিকায় অন্তর্ভুক্ত রয়েছে।,"▶ জাতটি অধিক ফলনশীল। 
▶ পূর্ণ বয়স্ক গাছের গড় উচ্চতা ১৪০ সেমি। 
▶ গাছ মজবুত বিধায় ঢলে পড়ে না। 
▶ ডিগ পাতা খাড়া ও সবুজ রঙের। 
▶ ১০০০ টি পুষ্ট ধানের ওজন প্রায় ২৯.৩ গ্রাম। 
▶ চালের আকার আকৃতি মোটা এবং রং সাদা।",বিআর ১০ জাতের আলোক সংবেদনশীলতা আছে এবং এটিকে আমন ধানের নাবী জাতের তালিকায় ফেলা যায়। ৪০-৫০ দিনের লম্বা চারা হাঁটু পানিতেও সহজে রোপণ করা যায়। এ কারণে দেশের দক্ষিণাঞ্চলের নিচু এলাকায় জাতটি বেশ জনপ্রিয়।,এর জীবনকাল ১৫০ দিন ।,ফলন হেক্টর প্রতি ৬.৫টন ।,"১. 
বীজতলায় বীজ বপন: ১-৩০ আষাঢ় (১৫ জুন-১৫ জুলাই)। 
২. 
চারার বয়স: ৩০-৪০ দিন। 
৩. 
রোপণ দূরত্বঃ ২৫ x ১৫ সেন্টিমিটার। 
8. 
সার ব্যবস্থাপনা (কেজি/বিঘা): 
৪.১ 
ইউরিয়া ২৪
টিএসপি ১৩
এমপি ৯
জিপসাম ৮ 
জিঙ্ক ১.৫
৪.২ ইউরিয়া সার সমান ৩ কিস্তিতে জমি তৈরির শেষ পর্যায়ে, রোপণের ২০-২৫ এবং ৬০ দিন পর প্রয়োগ করতে হবে। তবে এলসিসি ভিত্তিক ইউরিয়া প্রয়োগ করা উত্তম। 
৫. 
আগাছা দমনঃ রোপণের অন্তত ৩০-৪০ দিন পর পর্যন্ত জমি আগাছামুক্ত রাখতে হবে। 
৬. সেচ ব্যবস্থাপনাঃ ধানের চাল শক্ত হওয়া পর্যন্ত প্রয়োজনে সম্পূরক সেচ দিতে হবে। 
৭. রোগবালাই দমন: অনুমোদিত বালাই দমন ব্যবস্থা অনুসরণ করতে হবে। 
৮. ফসল পাকা ও কাটা: ২০ কার্তিক-২০ অগ্রহায়ণ (৫ নভেম্বর-৫ ডিসেম্বর)।",
বিআর১১,"বিআর১১ একটি অতি পরিচিত আমন ধানের জাত। বাংলাদেশ ধান গবেষণা
ইনস্টিটিউট ১৯৮০ সালে এ জাত উদ্ভাবন করেছে। বিআর১১ বা মুক্তা বাংলাদেশে
সর্বাধিক জনপ্রিয় জাত।","এর উচ্চতা ১১৫ সেন্টিমিটার।
চাল মাঝারি মোটা।
ফুল ফোটার সময় ধানের ছড়া ডিগপাতার উপরে থাকে বিধায় সহজেই দৃষ্টি
আকর্ষণ করে।","বিআর১১-এর ৩০ দিনের চারা প্রায় ৩৫ সেন্টিমিটার লম্বা হয়। ফলে ২০-২৫ সেন্টিমিটার (৮-১০ ইঞ্চি) পানি জমে থাকে এমন
জমিতেও সহজে রোপণ করা যায়।",এর জীবনকাল ১৪৫ দিন।,"হেক্টর প্রতি ৬.৫ টন।
১৯৭৬ সালে মেক্সিকোতে হেক্টর প্রতি ১৪.৫ টন ফলন দিয়ে বিআর১১
বিশ্বে রেকর্ড সৃষ্টি করে।","১.
২.
৩.
৪.
বীজতলায় বীজ বপন ঃ ১-৩০ আষাঢ় (১৫ জুন-১৫ জুলাই)।
চারার বয়স ঃ ৩০-৪০ দিন।
রোপণ দূরত্ব ঃ ২৫ × ১৫ সেন্টিমিটার।
সার ব্যবস্থাপনা (কেজি/বিঘা) ঃ
৪.১ ইউরিয়া ২৪ টিএসপি ১৩ এমপি ৯.৫ জিপসাম ৮ জিঙ্ক ১.৫
৪.২ ইউরিয়া সার সমান ৩ কিস্তিতে জমি তৈরির শেষ পর্যায়ে, রোপণের
২০-২৫ এবং ৬০ দিন পর প্রয়োগ করতে হবে। তবে এলসিসি ভিত্তিক
ইউরিয়া প্রয়োগ করাই উত্তম।
৫. আগাছা দমন ঃ রোপণের অন্তত্মত ৩০-৪০ দিন পর পর্যন্ত জমি আগাছামুক্ত
রাখতে হবে।
৬. সেচ ব্যবস্থাপনা ঃ ধানের চাল শক্ত হওয়া পর্যন্ত প্রয়োজনে সম্পূরক সেচ দিতে হবে।
৭. রোগবালাই দমন ঃ অনুমোদিত বালাই দমন ব্যবস্থা অনুসরণ করতে হবে।
৮. ফসল পাকা ও কাটা ঃ ২০ কার্তিক-২০ অগ্রহায়ণ (৫ নভেম্বর-৫ ডিসেম্বর)।
মন্তব্যঃ তবে সম্প্রতি এ ধানে রোগ বালাই-এর উপদ্রব লক্ষণীয়। এ কারণে নাবী রোপণের জন্য সুবিধাজনক নয়।",
বিআর২২,"বিআর২২ বা কিরণ বন্যা প্রবণ এলাকায় বন্যা পরবর্তী সময়ে নাবী আমন হিসাবে
চাষাবাদের জন্য একটি উফশী ধানের জাত। নাইজারশাইল-এর মতই এটি একটি
আলোক সংবেদনশীল জাত। ১৯৮৮ সালে বাংলাদেশ ধান গবেষণা ইনস্টিটিউট
এ জাত উদ্ভাবন করে।","এর উচ্চতা ১২৫ সেন্টিমিটার।
আলোক সংবেদনশীল।
এর চাল খাটো, মোটা ও সাদা।","বাংলাদেশে বন্যা একটি নিয়মিত প্রাকৃতিক দুর্যোগ। দেশের মোট ১৪.৪৯ মিলিয়ন হেক্টর জমির প্রায় অর্ধেকই বন্যাপ্রবণ। কোন
কোন বছর শতকরা ৬০ ভাগেরও বেশী জমি বন্যা কবলিত হতে পারে। সাধারণত প্রবল বৃষ্টিপাতের কারণে জুন মাসে শুরু হয়ে
আগস্টে বন্যা প্রকট আকার ধারণ করে। অর্থাৎ আমন মৌসুমের শুরু থেকে রোপণ এবং রোপণোত্তর কুশি গজানো অবস্থায় বন্যা
হয়ে থাকে এবং আমন ধান ক্ষতিগ্রস্ত হয়। আমন ধানের প্রায় ২২% জমি বন্যাপ্রবণ এলাকার আওতাভুক্ত। বন্যাত্তর সময়ে
কৃষকেরা সাধারণত স্থানীয় জাত নাইজারশাইল-এর আবাদ করে থাকেন। অথচ নাবী জাতের বিআর২২ চাষ করে তারা প্রায়
দ্বিগুণ ফলন পেতে পারেন।","এর জীবনকাল ১৫০ দিন। আলোক সংবেদনশীল হওয়ায় এর জীবনকাল বপন ও
রোপণের সময়ের উপর নির্ভরশীল।",গড় ফলন হেক্টর প্রতি প্রায় ৫ টন।,"১. বীজতলায় বীজ বপন ঃ আষাঢ়-শ্রাবণ, নাবী: শ্রাবণের শেষ পর্যন্ত (১৫ জুন-১৫ আগষ্ট)।
২. চারার বয়স ঃ ৩০-৫০ দিন (নাবী রোপণের ক্ষেত্রে চারার বয়স বেশী হওয়া আবশ্যক)।
৩. রোপণের সময় ঃ স্বাভাবিক অবস্থায় শ্রাবণ-ভাদ্র (নাবী: আশ্বিনের শুরু থেকে মাঝামাঝি পর্যন্ত, অর্থাৎ সেপ্টেম্বরের ১৫-
৩০ পর্যন্ত)।
৪ রোপণ দূরত্ব ঃ ২৫ × ১৫ সেন্টিমিটার।
৫. চারা রোপণ ঃ স্বাভাবিক অবস্থায় প্রতি গোছায় ২-৩টি চারা। নাবী রোপণের ক্ষেত্রে প্রতি গোছায় ৪-৫টি চারা।
৬. সার ব্যবস্থাপনা (কেজি/বিঘা) ঃ
৬.১ ইউরিয়া ২৪ টিএসপি ১৩ এমপি ৯ জিপসাম ৮ জিঙ্ক ১.৫
৬.২ ইউরিয়া সার সমান ৩ কিস্তিতে জমি তৈরির শেষ পর্যায়ে, রোপণের ২০-২৫ এবং ৬০ দিন পর প্রয়োগ করতে
হবে। তবে এলসিসি ভিত্তিক ইউরিয়া প্রয়োগ করাই উত্তম।
৭. সেচ ব্যবস্থাপনা ঃ ধানের দানা শক্ত না হওয়া পর্যন্ত প্রয়োজনে সম্পূরক সেচ দেয়া আবশ্যক।
৮. আগাছা দমন ঃ রোপণের পর অন্তত ৪০ দিন আগাছামুক্ত রাখতে হবে।
৯. রোগবালাই দমন ঃ অনুমোদিত পদ্ধতি অনুসরণযোগ্য।
১০. ফসল কাটা ঃ ১৫-৩০ অগ্রহায়ণ (৩০ নভেম্বর-১৫ ডিসেম্বর)।",
বিআর২৩,"বিআর২২-এর মতই বিআর২৩ (দিশারী) একটি নাবী আমন ধানের জাত। অর্থাৎ
বন্যা-পরবর্তী রোপণ উপযোগী আলোক সংবেদনশীল জাত। বাংলাদেশ ধান
গবেষণা ইনস্টিটিউট ১৯৮৮ সালে এ জাত উদ্ভাবন করে। তবে আলোক
সংবেদনশীল বিধায় এর জীবনকাল বপন ও রোপণ সময়ের উপর নির্ভরশীল।","এর উচ্চতা ১২০ সেন্টিমিটার।
এটি লবণাক্ততা সহিষ্ণু জাত।
এর চাল লম্বা, চিকন ও সাদা।","বাংলাদেশের আবাদী জমির প্রায় অর্ধেকই বন্যাপ্রবণ এবং কোন কোন ব্যতিক্রমী বছরে ৬০% -এরও বেশী এলাকা বন্যা কবলিত
হতে পারে। সাধারণত অতিরিক্ত বৃষ্টিপাতের কারণে আমন মৌসুমে বন্যা দেখা দেয় এবং ধান চাষ ক্ষতিগ্রস্ত ও বিলম্বিত হয়।
আমন ধানের জমির প্রায় ২২% বন্যা প্রবণ এলাকায়। এসকল এলাকায় বিআর২২ (কিরণ), নাইজারশাইল ও বিনাশাইল ধানের
মতই বিআর২৩ নাবী আমন হিসাবে চাষ করার উপযোগী। এ কারণে দেশের দক্ষিণাঞ্চলে জাতটি বেশ জনপ্রিয় এবং জোয়ারভাটা
কবলিত অঞ্চলেও নাবী রোপা আমন হিসাবে চাষযোগ্য।",১৫০ দিন।,বিআর২৩-এর ফলন হেক্টর প্রতি ৫.৫ টন।,"১. বীজতলায় বীজ বপন : আষাঢ় - শ্রাবণ, তবে নাবী: শ্রাবণের শেষ পর্যন্ত (১৫ জুন-১৫ আগষ্ট)।
২. চারার বয়স : ৩০-৫০ দিন (নাবী রোপণের ক্ষেত্রে চারার বয়স বেশী হওয়া আবশ্যক)।
৩. রোপণের সময় : স্বাভাবিক অবস্থায় শ্রাবণ-ভাদ্র (নাবী: আশ্বিনের শুরু থেকে মাঝামাঝি পর্যন্ত অর্থাৎ সেপ্টেম্বরের ১৫-
৩০ পর্যন্ত)।
৪. রোপণ দূরত্ব : ২৫ × ১৫ সেন্টিমিটার।
৫. চারা রোপণ : নাবী রোপণের ক্ষেত্রে একটু বেশী বয়সের চারা ঘন করে লাগাতে হবে।
৬. সার ব্যবস্থাপনা (কেজি/বিঘা) :
৬.১ ইউরিয়া ২৪ টিএসপি ১৩ এমপি ৯ জিপসাম ৮ জিঙ্ক ১.৫
৬.২ ইউরিয়া সার সমান ৩ কিস্তিতে জমি তৈরির শেষ পর্যায়ে, রোপণের ২০-২৫ এবং ৬০ দিন পর প্রয়োগ করতে
হবে। তবে এলসিসি ভিত্তিক ইউরিয়া সার প্রয়োগ করা উত্তম।
৭. সেচ ব্যস্থাপনা : চাল শক্ত হওয়া পর্যন্ত প্রয়োজনে সম্পূরক সেচ দিতে হবে।
৮. আগাছা দমন : রোপণের পর অন্তত ৪০ দিন আগাছামুক্ত রাখতে হবে।
৯. রোগবালাই দমন : অনুমোদিত পদ্ধতি অনুসরণযোগ্য।
১০. ফসল কাটা : অগ্রহায়ণ মাস (১৫ নভেম্বর-১৫ ডিসেম্বর)।",
বিআর২৫,"বিআর২৫ একটি আমন ধানের জাত। বাংলাদেশ ধান গবেষণা ইনস্টিটিউট ১৯৯২
সালে এ জাত উদ্ভাবন করেছে। এর জনপ্রিয় নাম নয়াপাজাম। বিআর২৫ বা
নয়াপাজাম ধানের রং ও আকৃতি এবং চালের আকার একদম পাজামের মত।
নয়াপাজাম পাজাম জাতের চাইতে ফলন বেশী দেয় ।","নয়াপাজামের উচ্চতা ১৩৮ সেন্টিমিটার।
কান্ড মজবুত।","বিআর২৫ একটি মধ্যম জীবনকাল সম্পন্ন ধান। এ ধান চাষ করে আমন পরবর্তী রবি ফসল, যেমন- গম, ডাল, সবজি ইত্যাদি
ফসল সময়মত চাষাবাদ করা সহজ হবে। তাছাড়া চালের বাজার মূল্য বেশী হওয়ায় কৃষক লাভবান হবেন।",এর জীবনকাল ১৩৫ দিন,ফলন হেক্টর প্রতি ৪.৫ টন।,"
বীজতলায় বীজ বপন : ১-৩০ আষাঢ় (১৫ জুন-১৫ জুলাই)।
চারার বয়স : ২৫-৩০ দিন।
রোপণ দূরত্ব : ২৫ ×১৫ সেন্টিমিটার।
সার ব্যবস্থাপনা (কেজি/বিঘা) :
ইউরিয়া ২০
টিএসপি ১৪ এমপি ৯ জিপসাম ৮ জিঙ্ক ১.৫
 ইউরিয়া সার সমান ৩ কিস্তিতে জমি তৈরির শেষ পর্যায়ে, রোপণের ২০-২৫ এবং ৪৫ দিন পর প্রয়োগ করতে হবে।
তবে এলসিসি ভিত্তিক ইউরিয়া সার প্রয়োগ করা উত্তম।
আগাছা দমন : রোপণের অন্তত ১ মাস পর্যন্ত জমি আগাছামুক্ত রাখা আবশ্যক।
সেচ ব্যস্থাপনা : চাল শক্ত হওয়া পর্যন্ত প্রয়োজনে সম্পূরক সেচ দিতে হবে।
রোগবালাই দমন : নয়াপাজাম ব্লাস্ট, পাতাপোড়া রোগ এবং পামরি পোকার আক্রমণে মধ্যম প্রতিরোধশীল। অনুমোদিত
দমন ব্যবস্থাপনা অনুসরণ করতে হবে।
ফসল পাকা ও কাটা : ১-১৫ অগ্রহায়ণ (১৫-৩০ নভেম্বর)।",
ব্রি ধান৩০,"ব্রি ধান৩০ আমন মৌসুমের একটি জাত। বাংলাদেশ ধান গবেষণা ইনস্টিটিউট
১৯৯৪ সালে এ জাতটি উদ্ভাবন করেছে। এ ধানের আকার, রং, গাছের গঠন প্রায়
বিআর১০-এর মত।","এর উচ্চতা ১২০ সেন্টিমিটার।
এর চাল মাঝারি চিকন ও সাদা।
এর ডিগপাতা শেষ প্রান্ত পর্যন্ত ক্রমশ সূচালো।
এ জাতে আলোক সংবেদনশীলতা আছে।",,এর জীবনকাল ১৪৫ দিন।,ফলন হেক্টর প্রতি প্রায় ৫ টন।,"
বীজতলায় বীজ বপন : ১-৩০ আষাঢ় (১৫ জুন-১৫ জুলাই)।
চারার বয়স : ৩০-৪০ দিন।
রোপণের সময় : ১-৩০ শ্রাবণ (১৫ জুলাই-১৫ আগষ্ট)।
রোপণ দূরত্ব : ২৫×১৫ সেন্টিমিটার।
সার ব্যবস্থাপনা (কেজি/বিঘা) :
ইউরিয়া ২৪ টিএসপি ১৩  এমপি ৯.৫ জিপসাম ৮
জিঙ্ক ১.৫ইউরিয়া সার সমান ৩ কিস্তিতে জমি তৈরির শেষ পর্যায়ে, রোপণের ২০-২৫ এবং ৫৫ দিন পর প্রয়োগ
করতে হবে। প্রথম উপরি প্রয়োগের পর ইউরিয়া মাটির সাথে মিশিয়ে দিতে হবে এবং জমিতে ছিপছিপে পানি
রাখতে হবে যাতে সারের কার্যকারিতা বৃদ্ধি পায়। তবে এলসিসি ভিত্তিক ইউরিয়া সার প্রয়োগ করা উত্তম।
৬. সেচ ব্যবস্থাপনা : চাল শক্ত হওয়া পর্যন্ত প্রয়োজনে সম্পূরক সেচ দিলে ফলন বৃদ্ধি পাবে।
৭. আগাছা দমন : রোপণের পর ৩০-৪০ দিন পর্যন্ত জমি আগাছামুক্ত রাখতে হবে।
৮. রোগবালাই দমন : অনুমোদিত বালাই দমন ব্যবস্থা অনুসরণ করতে হবে।
৯. ফসল কাটা : ২০ কার্তিক-২০ অগ্রহায়ণ (৫ নভেম্বর-৫ ডিসেম্বর)।",
ব্রি ধান৩১,"ব্রি ধান৩১ একটি আমন ধানের জাত। বাংলাদেশ ধান গবেষণা ইনস্টিটিউট
বিআর১১ এবং এআরসি১০৫৫০-এর মধ্যে সঙ্করায়ণের মাধ্যমে ১৯৯৪ সালে এ
জাত উদ্ভাবন করেছে। জাতটি বিআর১১-এর চাইতে ৫-৬ দিন আগাম পাকে।","এর উচ্চতা ১১৫ সেন্টিমিটার।
চাল মাঝারি মোটা ও সাদা।
এর রঙ এবং দেখতে বিআর১১-এর মতই তবে আকারে একটু বড়।
ধানের গাথুনি বেশ ঘন এবং ছড়ার গোড়ায় কিছু চিটা হয়।
এ জাতের মৃদু আলোক সংবেদনশীলতা আছে।",,এর জীবনকাল ১৪১ দিন।,ফলন হেক্টর প্রতি ৫ টন।,"১.বীজতলায় বীজ বপন : ১-৩০ আষাঢ় (১৫ জুন-১৫ জুলাই)।
২.চারার বয়স : ৩০-৩৫ দিন।
৩. রোপণ দূরত্ব : ২৫x ১৫ সেন্টিমিটার।
৪. সার ব্যবস্থাপনা (কেজি/বিঘা) :
৪.১
ইউরিয়া ২৪ টিএসপি ১৩ এমপি ৯.৫ জিপসাম ৮ জিঙ্ক ১.৫
৪.২ ইউরিয়া সার সমান ৩ কিস্তিতে জমি তৈরির শেষ পর্যায়ে, রোপণের ২০-২৫ এবং ৫০ দিন পর প্রয়োগ করতে হবে।
তবে এলসিসি ভিত্তিক ইউরিয়া সার প্রয়োগ করা উত্তম। উপরি প্রয়োগের পর সার মাটির সাথে মিশিয়ে দিলে এবং
জমিতে ছিপছিপে পানি রাখলে এর কার্যকারিতা বৃদ্ধি পাবে।
৫. আগাছা দমন : রোপণের পর ৩০-৪০ দিন পর্যন্ত জমি আগাছামুক্ত রাখা আবশ্যক।
৬.
সেচ ব্যবস্থাপনা : ধানের চাল শক্ত হওয়া পর্যন্ত প্রয়োজনে সম্পূরক সেচ দিলে ফলন বৃদ্ধি পাবে।
৭. রোগবালাই দমন : ব্রি ধান৩১ বাদামী গাছফড়িং-এর আক্রমণ প্রতিরোধশীল। তবে এতে বাকানী রোগের আক্রমণ বেশি
হতে পারে। অনুমোদিত বালাই দমন ব্যবস্থাপনা অনুসরণ করতে হবে।
৮. ফসল কাটা : ১০ কার্তিক-১০ অগ্রহায়ণ (২৫ অক্টোবর-২৫ নভেম্বর)।",
ব্রি ধান৩২,"ব্রি ধান৩২ আমন মৌসুমের একটি জাত। বাংলাদেশ ধান গবেষণা ইনস্টিটিউট
১৯৯৪ সালে এ জাতটি উদ্ভাবন করে।","এর উচ্চতা ১২০ সেন্টিমিটার।
গাছটি কম মজবুত বলে ঢলে পড়ার প্রবণতা রয়েছে।
এর চাল মাঝারি মোটা ও সাদা।","জাতটির আলোক সংবেদনশীলতা নেই বলে আষাঢ়-শ্রাবণ মাসের মধ্যে যখনই বীজ বপন করা হোক না কেন এর জীবনকাল
১৩০ দিনই। সময়মত বপন ও রোপণ করলে অতি সহজেই রবি ফসল, যেমন- গম, ডাল, সরিষা, সবজি ইত্যাদি চাষ করা
সহজ।",এর জীবনকাল ১৩০ দিন ।,ফলন হেক্টর প্রতি ৫ টন।,"
বীজতলায় বীজ বপন : ৫-১৫ আষাঢ় (২০-৩০ জুন)।
চারার বয়স : ২৫-৩০ দিন।
রোপণ দূরত্ব : ২০x ১৫ সেন্টিমিটার।
সার ব্যবস্থাপনা (কেজি/বিঘা) :
৪.১ ইউরিয়া ২০ টিএসপি ১৩ এমপি ৯.৫ জিপসাম ৮ জিঙ্ক ১.৫
৪.২ ইউরিয়া সার সমান ৩ কিস্তিতে জমি তৈরির শেষ পর্যায়ে, রোপণের ২০-২৫ এবং ৪০ দিন পর প্রয়োগ করতে হবে।
গাছ ঢলে পড়ার আশংকা থাকলে সীমিত পরিমাণে ইউরিয়া প্রয়োগ করা এবং অবশ্যই অনুমোদিত মাত্রায় পটাশ সার
ব্যবহার করতে হবে। তবে এলসিসি ভিত্তিক ইউরিয়া সার প্রয়োগ করা উত্তম।
৫. আগাছা দমন : রোপণের পর অন্তত ৩০-৩৫ দিন পর্যন্ত জমি আগাছামুক্ত রাখতে হবে।
৬. সেচ ব্যস্থাপনা : চাল শক্ত হওয়া পর্যন্ত প্রয়োজনে সম্পূরক সেচ দিতে হবে।
৭. রোগবালাই দমন : অনুমোদিত বালাই দমন ব্যবস্থা অনুসরণ করতে হবে।
৮. ফসল পাকা ও কাটা : ১৫-৩০ কার্তিক (৩০ অক্টোবর-১৫ নভেম্বর) ।
মন্তব্য:
পরিমিত সার প্রয়োগে, বিশেষত ইউরিয়া ও পটাশ সার প্রয়োগে ঢলে পড়া অনেকাংশে প্রতিরোধ করা যায়। তাছাড়া একটু উঁচু
জমিতে এর চাষ করা উত্তম, যাতে ঢলে পড়ার প্রবণতা কমে আসে।",
ব্রি ধান৩৩,"ব্রি ধান৩৩ আমন মৌসুমের আগাম জাত। বাংলাদেশ ধান গবেষণা ইনস্টিটিউট
১৯৯৭ সালে জাতটি উদ্ভাবন করে।","উচ্চতা ১০০ সেন্টিমিটার।
এই ধানের চাল খাটো, মোটা ও গাছ মজবুত তাই হেলে পড়ে না।
গাছের পাতা প্রচলিত জাতের চেয়ে সামান্য চওড়া এবং ডিগ পাতার আগার
দিক থেকে ২-৩ সেন্টিমিটার নিচে কোঁচকানো ভাজ আছে।
ধানের খোসায় ভাঁজে ভাঁজে হালকা বাদামী রঙ আছে।","সময় মত ব্রি ধান৩৩ চাষ করে সকল রবি ফসলই আগাম আবাদ করা সম্ভব। তাছাড়া, আগাম পাকে বিধায় গরীব চাষীদের জন্য
এ জাত বিশেষভাবে উপযোগী। উত্তরাঞ্চলের মঙ্গা উপদ্রুত এলাকায় ব্রি ধান৩৩ বেশ জনপ্রিয়। ড্রাম সীডার (ড্রাম সীডার ফ্যাক্ট
শীট দেখুন) দিয়ে সরাসরি বপনের ক্ষেত্রে ১০০ দিনের মধ্যেই ধান পাকে এবং তখন বাজার দরও ভাল থাকে।",এর জীবনকাল মাত্র ১১৮ দিন।,ফলন হেক্টর প্রতি ৪.৫ টন।,"
বীজতলায় বীজ বপন : ১৫-২০ আষাঢ় (৩০ জুন-৫ জুলাই)।
চারার বয়স : ২৫-৩০ দিন।
রোপণ দূরত্ব : ২০x ১৫ সেন্টিমিটার।
সার ব্যবস্থাপনা (কেজি/বিঘা) :
৪.১ ইউরিয়া ২০ টিএসপি ১৩  এমপি ৯.৫ জিপসাম ৭ জিঙ্ক ১
৪.২ ইউরিয়া সার সমান ৩ কিস্তিতে জমি তৈরির শেষ পর্যায়ে, রোপণের ১২-১৫ এবং ৩০ দিন পর প্রয়োগ করতে হবে।
তবে এলসিসি ভিত্তিক ইউরিয়া সার প্রয়োগ করা উত্তম।
আগাছা দমন : রোপণের পর অন্তত ৩০-৩৫ দিন জমি আগাছামুক্ত রাখতে হবে।
সেচ ব্যস্থাপনা : চাল শক্ত হওয়া পর্যন্ত প্রয়োজনে সম্পূরক সেচ দিতে হবে।
রোগবালাই দমন : ব্লাস্ট ও সাদা পিঠ গাছ ফড়িং-এর আক্রমণ প্রতিরোধশীল। বালাই দমনে অনুমোদিত ব্যবস্থাপনা
অনুসরণ করতে হবে।
ফসল কাটা : ১৫-২০ কার্তিক (৩০ অক্টোবর-৫ নভেম্বর)।",
ব্রি ধান৩৪,"ব্রি ধান৩৪ একটি সুগন্ধি পোলাও ধানের জাত। বাংলাদেশ ধান গবেষণা
ইনস্টিটিউট ১৯৯৭ সালে যশোর অঞ্চলের স্থানীয় খাসকানি নামক ধান থেকে
বাছাইকরণ প্রক্রিয়ার মাধ্যমে ব্রি ধান৩৪ উদ্ভাবন করেছে। এটি সুগন্ধি এবং
কালিজিরা ধানের মতই ছোট এবং পোলাও তৈরির জন্য খুবই উপযোগী।","উচ্চতা ১১৭ সেন্টিমিটার।
এ ধানের আলোক-সংবেদনশীলতা আছে।
এটি সুগন্ধি এবং কালিজিরা ধানের মতই ছোট এবং পোলাও তৈরির জন্য
খুবই উপযোগী।","ব্রি ধান৩৪ স্থানীয় পোলাও জাতের ধান চিনিগুড়া বা কালিজিরার মতই সুগন্ধি অথচ ফলন প্রায় দ্বিগুণ বিধায় কৃষকেরা এ ধানের
আবাদ করে আর্থিক ভাবে লাভবান হতে পারেন। তা ছাড়া এ ধানের আলোক সংবেদনশীলতা আছে বিধায় কিছুটা বিলম্বে
রোপণযোগ্য।",এর জীবনকাল ১৩৫ দিন।,ফলন হেক্টর প্রতি ৩.৫ টন অর্থাৎ স্থানীয় পোলাও ধানের চেয়ে প্রায় দ্বিগুণ।,"১. বীজতলায় বীজ বপন : ১০-১৫ শ্রাবণ (২৫-৩০ জুলাই)।
২. চারার বয়স : ২৫-৩০ দিন।
৩. রোপণ দূরত্ব : ২০x ১৫ সেন্টিমিটার।
৪. সার ব্যবস্থাপনা (কেজি/বিঘা) :
৪.১ ইউরিয়া ২০ টিএসপি ১৩ এমপি ৯
জিপসাম ৮
জিঙ্ক ১.৫
৪.২ ইউরিয়া সার সমান ৩ কিস্তিতে জমি তৈরির শেষ পর্যায়ে, রোপণের ২০-২৫ এবং ৪৫ দিন পর প্রয়োগ করতে হবে।
লক্ষ্য রাখতে হবে যে, সুগন্ধি ধানে ইউরিয়ার পরিমাণ সাধারণত কম লাগে। তবে এলসিসি ভিত্তিক ইউরিয়া সার প্রয়োগ
করা উত্তম।
৫. আগাছা দমন : রোপণের পর অন্তত ৩০-৪০ দিন জমি আগাছামুক্ত রাখা আবশ্যক।
৬. সেচ ব্যস্থাপনা : চাল শক্ত হওয়া পর্যন্ত প্রয়োজনে সম্পূরক সেচ দিতে হবে।
৭. রোগবালাই দমন : ব্রি ধান৩৪-এ টুংরো রোগের আক্রমণের আশংকা বেশী। বালাই দমনে অনুমোদিত ব্যবস্থাপনা অনুসরণ
করতে হবে।
৮. ফসল কাটা : ১০-১৫ অগ্রহায়ণ (২৫-৩০ নভেম্বর)।",
ব্রি ধান৩৭,"ব্রি ধান৩৭ একটি আমন জাতের সুগন্ধি ধান। বাংলাদেশ ধান গবেষণা
ইনস্টিটিউট ১৯৯৮ সালে বাসমতি এবং বিআর৫-এর মধ্যে সঙ্করায়ণ করে
জাতটি উদ্ভাবন করে। ব্রি ধান৩৭-এর গাছ কাটারিভোগের চেয়ে অনেক মজবুত,
তবে জীবনকাল ৫-৭ দিন বেশী","উচ্চতা ১২৫ সেন্টিমিটার।
ধানের রঙ, চালের আকার এবং ঘ্রাণ ঠিক কাটারিভোগের মতো।
ধানের ছড়া বেশ আকর্ষনীয় এবং ধানের গাঁথুনি বেশ ঘন।
ধানের শেষ প্রান্ত একটু বাঁকা এবং সূচালু।
এর ভাত ও পোলাও কাটারিভোগের সমতুল্য।","ব্রি ধান৩৭-এর চাল মাঝারি চিকন এবং এর বাজার দরও বেশী। তাছাড়া দেশ এখন আভ্যন্তরীণ চাহিদা পূরণ ও চাল উৎপাদনে
প্রায় স্বয়ংসম্পূর্ণ। এমতাবস্থায় ব্রি ধান৩৭- এর মত রপ্তানিযোগ্য ধানের আবাদ বৃদ্ধি করা আবশ্যক।",জীবনকাল ১৪০ দিন।,ফলন প্রায় হেক্টর প্রতি ৩.৫ টন।,"
বীজতলায় বীজ বপন : ১০-১৫ শ্রাবণ (২৫-৩০ জুলাই)।
চারার বয়স : ২৫-৩০ দিন।
রোপণ দূরত্ব : ২০x ১৫ সেন্টিমিটার।
সার ব্যবস্থাপনা (কেজি/বিঘা) :
ইউরিয়া ২০ টিএসপি ১৩ এমপি ৯ জিপসাম ৮
জিঙ্ক ১.৫
ইউরিয়া সার সমান ৩ কিস্তিতে জমি তৈরির শেষ পর্যায়ে, রোপণের ২০-২৫ এবং ৫০ দিন পর প্রয়োগ করতে
হবে। মনে রাখতে হবে যে, সুগন্ধি ধানে ইউরিয়া সারের প্রয়োজন তুলনামূলকভাবে কম। তবে এলসিসি ভিত্তিক
ইউরিয়া সার প্রয়োগ করা উত্তম।
আগাছা দমন : রোপণের পর অন্তত ৩০-৪০ দিন পর্যন্ত আগাছামুক্ত রাখতে হবে ।
সেচ ব্যস্থাপনা : চাল শক্ত হওয়া পর্যন্ত প্রয়োজনে সম্পূরক সেচ দিতে হবে।
রোগবালাই ব্যবস্থাপনা : ব্রি ধান৩৭ টুংরো রোগ প্রতিরোধশীল। বালাই দমনে অনুমোদিত ব্যবস্থাপনা অনুসরণ
করতে হবে।
ফসল কাটা : ১০-১৫ অগ্রহায়ণ (২৫-৩০ নভেম্বর)।",
ব্রি ধান৩৮,"ব্রি ধান৩৮ আমন মৌসুমের জন্য একটি রপ্তানিযোগ্য সুগন্ধি ধানের জাত।
বাংলাদেশ ধান গবেষণা ইনস্টিটিউট ১৯৯৮ সালে এ জাত উদ্ভাবন করে। ব্রি
ধান৩৮-এর গাছ বাসমতির চেয়ে অনেক মজবুত।","এর উচ্চতা ১২৫ সেন্টিমিটার।
গাছ সহজে হেলে পড়ে না।
চাল লম্বা ও চিকন এবং ঘ্রাণ বাসমতির মতো।
ভাত ও পোলাও দুটোই খুব সুন্দর।
ধানের অগ্রভাগে লম্বা শুঙ আছে।","বাংলাদেশ এখন চাল উৎপাদনে স্বয়ংসম্পূর্ণতার দ্বারপ্রান্তে। এখন ধান চাষাবাদ রপ্তানিমুখী হওয়া আবশ্যক। ব্রি ধান৩৮-এর মত
লম্বা ও চিকন সুগন্ধি জাতের চাউল রপ্তানি করে বৈদেশিক মুদ্রা অজর্ন করা সম্ভব। তাছাড়া জাতটি আলোক সংবেদনশীল বিধায়
নাবী রোপণযোগ্য। বাজার মূল্য বেশী হওয়ায় কৃষক ব্রি ধান৩৮ আবাদ করে লাভবান হতে পারেন।",এর জীবনকাল ১৪০ দিন।,ফলন হেক্টর প্রতি ৩.৫ টন।,"
বীজতলায় বীজ বপন : ১০-১৫ শ্রাবণ (২৫-৩০ জুলাই)।
চারার বয়স : ২৫-৩০ দিন।
রোপণ দূরত্ব : ২০ x ১৫ সেন্টিমিটার।
সার ব্যবস্থাপনা (কেজি/বিঘা) :ইউরিয়া ২০ টিএসপি ১৩ এমপি ৯.৫ জিপসাম ৮ জিঙ্ক ১.৫ইউরিয়া সার সমান ৩ কিস্তিতে জমি তৈরির শেষ পর্যায়ে, রোপণের ২০-২৫ এবং ৫০ দিন পর প্রয়োগ করতে হবে।
মনে রাখতে হবে যে, সুগন্ধিযুক্ত ধানে ইউরিয়া সারের প্রয়োজন তুলনামূলকভাবে কম। তবে এলসিসি ভিত্তিক
ইউরিয়া সার প্রয়োগ করা উত্তম।
আগাছা দমন : রোপণের পর অন্তত ৩০-৪০ দিন পর্যন্ত আগাছামুক্ত রাখতে হবে ।
সেচ ব্যস্থাপনা : চাল শক্ত হওয়া পর্যন্ত প্রয়োজনে সম্পূরক সেচ দিতে হবে।
রোগবালাই ব্যবস্থাপনা : ব্রি ধান৩৮ পাতাপোড়া রোগে মধ্যম প্রতিরোধশীল। বালাই দমনে অনুমোদিত ব্যবস্থাপনা
অনুসরণ করতে হবে।
ফসল কাটা : ১০-১৫ অগ্রহায়ণ (২৫-৩০ নভেম্বর)।",
ব্রি ধান৩৯,ব্রি ধান৩৯ আমন মৌসুমের জন্য একটি স্বল্প জীবনকালের জাত। বাংলাদেশ ধান গবেষণা ইনস্টিটিউট ১৯৯৯ সালে এ জাতটি উদ্ভাবন করে।,"এর উচ্চতা ১০৬ সেন্টিমিটার। 
এর চাল লম্বা ও চিকন। 
কান্ড মজবুত, তাই ঢলে পড়ে না। 
প্রচলিত অন্যান্য জাতের চেয়ে এর ডিগপাতা একটু চওড়া এবং খাড়া। 
","ব্রি ধান৩৯-এর চাল লম্বা ও চিকন এবং রপ্তানিযোগ্য ৷ দেশেও এর বাজার মূল্য বেশী পাওয়া যবে । এটি একটি আগাম জাত ।
প্রায় ১২০ দিনের মধ্যে ধান পাকে । আষাঢ় মাসের মাঝামাঝি বীজ বপন করলে অগ্রহায়ণের প্রথমার্ধে ফসল পাকবে । কাজেই
কৃষক সহজেই পরবর্তী রবি শস্য যথাসময়ে চাষ করতে পারেন | অথবা ধৈধ্া বা অন্য কোন সবুজ সার জাতীয় ফসলও চাষ
করতে পারেন।",জীবনকাল মাত্র ১২০ দিন ।,ফলন হেষ্টর প্রতি ৪.৫টন |,"১. বীজতলায় বীজ বপন: ১৫-২০ আষাঢ় অর্থাৎ জুলাই মাসের প্রথম সপ্তাহ। 
২. চারার বয়স: ২০-২৫ দিন। 
৩. রোপণ দূরত্ব: ২০ x ১৫ সেন্টিমিটার। 
৪. সার ব্যবস্থাপনা (কেজি/বিঘা): 
৪.১ 
ইউরিয়া ২০
টিএসপি ১৩
এমপি ৯
জিপসাম ৮ 
জিঙ্ক ১.৫ 
৪.২ ইউরিয়া সার সমান ৩ কিস্তিতে জমি তৈরির শেষ পর্যায়ে, রোপণের ১৫-২০ এবং ৩৫ দিন পর প্রয়োগ করতে হবে। তবে এলসিসি ভিত্তিক ইউরিয়া সার প্রয়োগ করা উত্তম। 
৫. আগাছা দমন: রোপণের পর ৩০-৩৫ দিন পর্যন্ত জমি আগাছামুক্ত রাখা আবশ্যক। 
৬. সেচ ব্যস্থাপনা: চাল শক্ত হওয়া পর্যন্ত প্রয়োজনে সম্পূরক সেচ দিতে হবে। 
৭. রোগবালাই দমন: অনুমোদিত বালাই দমন ব্যবস্থাপনা অনুসরণ করা আবশ্যক। এ জাতটি টুংরো ও খোলপোড়া রোগ সহনশীল। 
৮. ফসল কাটা: ২০-২৫ কার্তিক (৫-১০ নভেম্বর)।",
ব্রি ধান৪০,"ব্রি ধান৪০ উপকূলীয় লবণাক্ত অঞ্চলে আমন মৌসুমে চাষাবাদের উপযোগী
একটি উফশী ধানের জাত। বাংলাদেশ ধান গবেষণা ইনস্টিটিউট ২০০৩ সালে
জাতটি উদ্ভাবন করে। দেশের দক্ষিণাঞ্চলে যেখানে রাজাশাইল, কাজলশাইল,
পাটনাই, মরিচশাইল, লক্ষীশাইল ইত্যাদি স্থানীয় জাতের আবাদ হয় সেখানে
এ জাতটি আবাদযোগ্য।","এটি একটি আলোক সংবেদনশীল জাত।
এর গাছের উচ্চতা ১১৫ সেন্টিমিটার।
কাণ্ড মজবুত তাই হেলে পড়ে না।
এর চাল মাঝারি মোটা এবং ভাত খুব ভাল।
এর শীষের অগ্রভাগে কোন কোন ধানে শুঙ থাকে।","বাংলাদেশের উপকূলীয় দক্ষিণাঞ্চলে প্রায় ৮.৫ লক্ষ হেক্টর জমিতে বিভিন্ন মাত্রায় লবণাক্ততা রয়েছে যা আধুনিক ধান চাষের
অন্তরায়। আমন মৌসুমে লবণাক্ততা সাধারণত কম থাকে। চারা ও থোড় অবস্থায় ব্রি ধান৪০ সাধারণত ৮ ডিএস/মিটার অর্থাৎ
মধ্যম মাত্রার লবণাক্ততা সহ্য করতে পারে। কাজেই লবণাক্ত অঞ্চলে স্থানীয় জাতের পরিবর্তে ব্রি ধান৪০ চাষ করে সহজেই
অন্তত দ্বিগুণ ফলন পাওয়া যেতে পারে। তাছাড়া এর ৩০-৫০ দিন বয়সের চারা বেশ লম্বা বিধায় এক হাঁটু পানিতে সহজেই
রোপণ করা যায়।",এর জীবন কাল ১৪৫ দিন।,হেক্টর প্রতি ৪.৫ টন।,"
বীজতলায় বীজ বপন : ১৫-৩০ আষাঢ় (১-১৫ জুলাই)।
চারার বয়স : ৩০-৪০ দিন।
রোপণ দূরত্ব : ২৫x ১৫ সেন্টিমিটার।
সার ব্যবস্থাপনা (কেজি/বিঘা) :
ইউরিয়া ২০
টিএসপি ১২
এমপি ৯ জিপসাম ৮ জিঙ্ক১.৫

ইউরিয়া সার সমান ৩ কিস্তিতে জমি তৈরির শেষ পর্যায়ে, রোপণের ২০-২৫ এবং ৫৫ দিন পর প্রয়োগ করতে
হবে। তবে এলসিসি ভিত্তিক ইউরিয়া সার প্রয়োগ করা উত্তম।
আগাছা দমন : রোপণের ৩০-৪০ দিন পর্যন্ত আগাছামুক্ত রাখতে হবে।
সেচ ব্যস্থাপনা : চাল শক্ত হওয়া পর্যন্ত প্রয়োজনে সম্পূরক সেচ দিতে হবে।
রোগবালাই দমন : অনুমোদিত বালাই দমন ব্যবস্থাপনা অনুসরণ করতে হবে।
ফসল কাটা : ১০-১৫ অগ্রহায়ণ (২৫-৩০ অক্টোবর)।",
ব্রি ধান৪১,"ব্রি ধান৪১ বাংলাদেশের উপকূলীয় লবণাক্ত অঞ্চলে আমন মৌসুমে চাষাবাদ
উপযোগী একটি জাত। বাংলাদেশ ধান গবেষণা ইনস্টিটিউট ২০০৩ সালে
জাতটি উদ্ভাবন করে। উপকূলীয় দক্ষিণাঞ্চলে যেখানে স্থানীয় জাত রাজাশাইল,
কাজলশাইল, পাটনাই, মরিচশাইল ইত্যাদি জাতের আবাদ হচ্ছে সেখানে ব্রি
ধান৪১ চাষাবাদযোগ্য।","জাতটি আলোক সংবেদনশীল।
গাছের উচ্চতা ১১৫ সেমি।
এ ছাড়াও এ জাতের গাছ মজবুত তাই সহজে হেলে পড়ে না।
চাল লম্বাটে মোটা ও স্বচ্ছ সাদা এবং ভাত সুস্বাদু।","বাংলাদেশের উপকূলীয় অঞ্চলের প্রায় ৮.৫ লাখ হেক্টর জমিতে বিভিন্ন মাত্রায় লবণাক্ততা রয়েছে। যদিও আমন মৌসুমে
লবণাক্ততা সাধারণত কম থাকে। লবণাক্ততার কারণে ফসল উৎপাদন বিশেষত উফশী ধান চাষ বিঘ্নিত হচ্ছে। চারা ও থোড়
অবস্থায় ব্রি ধান৪১ সাধারণত ৮ ডিএস/মিটার অর্থাৎ মধ্যম মাত্রার লবণাক্ততা সহ্য করতে পারে। অক্টোবর মাসে বৃষ্টিপাত না
হলে বা কম হলে লবণাক্ততা বেড়ে যায়। এ অবস্থায় ব্রি ধান৪১-এর চাষ করে স্থানীয় জাতের চাইতে অন্তত দ্বিগুণ ফলন পাওয়া
যাবে। আমন মৌসুমে দক্ষিণাঞ্চলে সাধারণত ৩০-৫০ দিনের চারা হাঁটু পানিতে সহজেই রোপণ করা যায়। অন্যান্য অঞ্চলের
অপেক্ষাকৃত নিচু জমিতেও জাতটি আবাদযোগ্য।",এর জীবনকাল প্রায় ১৪৮ দিন।,হেক্টর প্রতি ফলন ৪.০-৪.৫ টন।,"
বীজতলায় বীজ বপন : ১০-৩০ আষাঢ় (২৫ জুন-১৫ জুলাই)।
চারার বয়স : ৩০-৪০ দিন।
রোপণ দূরত্ব : ২৫x ১৫ সেন্টিমিটার।
সার ব্যবস্থাপনা (কেজি/বিঘা) :ইউরিয়া ২০ টিএসপি ১২  এমপি ৯ জিপসাম ৮ জিঙ্ক ১.৫
ইউরিয়া সার সমান ৩ কিস্তিতে জমি তৈরির শেষ পর্যায়ে, রোপণের ২০-২৫ এবং ৬০ দিন পর প্রয়োগ করতে হবে।
তবে এলসিসি ভিত্তিক ইউরিয়া সার প্রয়োগ করা উত্তম।
আগাছা দমন : রোপণের পর ৩০-৪০ দিন জমি আগাছামুক্ত রাখতে হবে।
সেচ ব্যস্থাপনা : চাল শক্ত হওয়া পর্যন্ত প্রয়োজনে সম্পূরক সেচ দিতে হবে।
রোগবালাই দমন : অনুমোদিত বালাই দমন ব্যবস্থাপনা অনুসরণ করা আবশ্যক। এ জাতটি টুংরো ও খোল পোড়া রোগ
মধ্যম প্রতিরোধশীল।
ফসল কাটা : ১৫-৩০ অগ্রহায়ণ (৩০ নভেম্বর-১৫ ডিসেম্বর)।",
ব্রি ধান৪৪,"ব্রি ধান৪৪ একটি আমন ধানের জাত। বাংলাদেশ ধান গবেষণা ইনস্টিটিউট
২০০৫ সালে এ জাতটি উদ্ভাবন করে। এ ধান দক্ষিণ অঞ্চলের কৃষকদের কাছে
জনপ্রিয়। বিআর১১-এর মতই এ ধান স্বাভাবিক রোপা আমনে চাষ করা যায়
তবে অলবণাক্ত জোয়ার-ভাটা এলাকায় যেখানে ৫০-৬০ সেন্টিমিটার পর্যন্ত
জোয়ারের পানি আসে সেখানে চাষ উপযোগী।","এ ধানের গাছ ১২৫-১৩০ সেন্টিমিটার উঁচু হয়।
গাছ হেলে পড়ে না।
ধান মোটা ও উজ্জ্বল সোনালী বর্ণের।
এ ধানের চাল মোটা।","ব্রি ধান৪৪ যদিও দেশের বিভিন্ন অঞ্চলে চাষযোগ্য তবুও বাংলাদেশের দক্ষিণাঞ্চলের অলবণাক্ত জোয়ার-ভাটা কবলিত
এলাকার জন্য বিশেষভাবে উপযোগী। ফলন স্থানীয় জাত মৌলতার চেয়ে প্রায় দ্বিগুণ বেশী এবং ঐ অঞ্চলে বিআর১১ ও ব্রি
ধান৩১-এর চেয়ে হেক্টর প্রতি ১ টন বেশী। জাতটি বিআর১১-এর চাইতে ১০-১৫ সেন্টিমিটার লম্বা হওয়া সত্ত্বেও কান্ড শক্ত
থাকায় সহজে হেলে পড়ে না। চাল মোটা হওয়ায় সাধারণ কৃষকের কাছে বেশ প্রিয়।","এর জীবনকাল প্রায় ১৪৫ দিন। কৃষকের পর্যবেক্ষণ : ব্রি ধান৪৪-এর গাছ জোয়ারের পানি বৃদ্ধির সাথে
সাথে বৃদ্ধি পায়। এতে ইউরিয়া সারের প্রয়োজনও কম।",হেক্টর প্রতি ফলন প্রায় ৬.৫ টন।,"১. বীজতলায় বীজ বপন : ১০-৩০ আষাঢ (২৫ জুন-১৫ জুলাই)
২. চারার বয়স : ৩৫-৪০ দিন।
৩. রোপণ সময় : ১ শ্রাবণ-১৫ ভাদ্র (জুলাই থেকে মধ্য আগস্ট)।
৪. রোপণ দূরত্ব : ২০x১৫ সেন্টিমিটার।
৫.  সার ব্যবস্থাপনা (কেজি/বিঘা) : 
       ৫.১ ইউরিয়াঃ ২০, টিএসপিঃ ১২, এমপিঃ ৯, জিপসামঃ ৮, জিঙ্কঃ ১.৫
       ৫.২ ইউরিয়া ছাড়া অন্যান্য সব সার জমি তৈরির শেষ পর্যায়ে প্রয়োগ করতে হবে। ইউরিয়া সমান    তিন কিস্তিতে জমি তৈরির শেষ পর্যায়ে, রোপণের ২০-২৫ এবং ৫৫ দিন পর প্রয়োগ করতে হবে।
       ৫.৩ ইউরিয়া উপরি প্রয়োগ করা না গেলে গুটি ইউরিয়া ব্যবহার করা যেতে পারে। তবে এলসিসি ব্যবহার করে ইউরিয়া প্রয়োগ করা উত্তম।
৬. আগাছা দমন : রোপণের পর ৩০-৪০ দিন পর্যন্ত জমি আগাছামুক্ত রাখতে হলে দু’বার আগাছা নিড়ানোর প্রয়োজন।
৭. সেচ ব্যস্থাপনা : রোপা আমন হিসেবে চাষ করলে সেচ অত্যাবশ্যক নয়। কিন্তু উঁচু জমিতে চাষ করলে কাইচ থোর
আসার সময় একটি সেচের দরকার হয়।
৮. রোগ বালাই দমন : ব্রি ধান৪৪ কিছুটা টুংরো রোগ প্রতিরোধী। অনুমোদিত দমন ব্যবস্থা গ্রহণ করা যেতে পারে।
৯. ফসল কাটা : ১৫-২৫ অগ্রাহায়ণ (৩০ নভেম্বর-১০ ডিসেম্বর)।",
ব্রি ধান৪৬,"আমন ধানের জাত
ব্রি ধান৪৬ বন্যা প্রবণ এলাকায় বন্যা পরবর্তী সময়ে নাবী আমন হিসাবে চাষাবাদের
জন্য একটি উফশী ধানের জাত। বিআর২২, বিআর২৩ এবং নাইজারশাইলের মতই
একটি আলোক সংবেদনশীল জাত। বিআর১১, স্বর্ণলতা এবং এআরসি ১৪৭৬৬এ
এর মধ্যে সঙ্করায়নের মাধ্যমে ব্রি ধান৪৬ উদ্ভাবন করা হয়। এ জাতের কৌলিক সারির
নাম বিআর ৫২২৬-৬-৩-২। জাতটি আলোক সংবেদনশীল বিধায় এর জীবনকাল
মূলত বপন ও রোপণের সময়ের উপর নির্ভরশীল। ব্রি ধান৪৬ এর চাল দেখতে
বিআর১১ এর চালের মতই।","
ব্রি ধান৪৬
এটি নাবী জাত।
জাতটি আলোক সংবেদনশীল
উচ্চতা প্রায় ১০৫ সেমি।
গাছ হেলে পড়ে না।
এ ধানের চাল মাঝারী মোটা।","বন্যা বাংলাদেশে একটি নিয়মিত প্রাকৃতিক দুর্যোগ। প্রায় বছরই বন্যায় আমন ধানের ব্যাপক ক্ষয়ক্ষতি হয়ে থাকে। এমন কি কখনও বা
শতকরা ৬০ ভাগেরও বেশি জমি বন্যা কবলিত হতে পারে। আমন ধানের প্রায় ২২% জমি বন্যাপ্রবণ এলাকার আওতাভূক্ত। এ সকল
এলাকায় কৃষকেরা সাধারণত নাবী জাত নাইজারশাইল, বিআর২২, বিআর২৩ ও বিনাশাইল ইত্যাদি আবাদ করে থাকেন। অথচ এ
অবস্থায় ব্রি ধান৪৬ চাষ করে তারা হেক্টর প্রতি ১.০-১.৫ টন অধিক ফলন পেতে পারেন। ১০-১৫ই সেপ্টেম্বর (ভাদ্র মাসের ২৫ তারিখ
থেকে শেষ পর্যন্ত) এর মধ্যে ২৫-৩০ দিনের চারা রোপণ করতে হবে। নাবী রোপণ ছাড়াও ব্রি ধান৪৬ স্বাভাবিক সময়ে আমন জাত
হিসাবে চাষ করা যাবে এবং সে ক্ষেত্রে হেক্টর প্রতি ফলন প্রায় ৫.০ টন।",এর জীবনকাল প্রায় ১৫০ দিন।,এর ফলন হেক্টর প্রতি ৫ টন। ১৫ সেপ্টেম্বর পর্যন্ত নাবী রোপনে ফলন প্রায় ৩.০ টন।,"
বীজতলায় বীজ বপন ঃ ২০-২৫ শ্রাবণ, নাবী: শ্রাবণের শেষ পর্যন্ত (৫-১০ আগষ্ট)।
চারার বয়স
ঃ ২৫-৩০ দিন হলে ভাল হয় (নাবী রোপণের ক্ষেত্রে চারার বয়স একটু বেশী হওয়া আবশ্যক)।
রোপণ সময়
ঃ স্বাভাবিক সময়ে রোপণের ক্ষেত্রে শ্রাবন-ভাদ্র (নাবী: ভাদ্র মাসের শুরু থেকে শেষ পর্যন্ত অর্থাৎ
সেপ্টেম্বরের ১৫ তারিখ পর্যন্ত)।
৪. রোপণ দূরত্ব
ঃ ২০x১৫ সেন্টিমিটার। (তবে, নাবী রোপণের ক্ষেত্রে রোপণের দুরত্ব কিছুটা কম হলে ভাল হয়)।
৫. চারা রোপণ
ঃ স্বাভাবিক সময়ে রোপণের ক্ষেত্রে গোছাপ্রতি ২-৩টি চারা (কিন্তু নাবী রোপণের ক্ষেত্রে একটু বেশী
সংখ্যক চারা লাগানো ভাল)।
৬. সার ব্যবস্থাপনা (কেজি/বিঘা) ঃ
৬.১
ইউরিয়া ২৪
টিএসপি ১৩
এমপি ৯
জিপসাম ৮
জিঙ্ক ১.৫
৬.২ ইউরিয়া সার সমান তিন কিস্তিতে জমি তৈরির শেষ পর্যায়ে, রোপণের ২০-২৫ এবং ৬০ দিন পর প্রয়োগ করতে হবে।
৭. সেচ ব্যবস্থাপনা
ঃ চাল শক্ত হওয়া পর্যন্ত প্রয়োজনে সম্পূরক সেচ দিতে হবে।।
৮. আগাছা দমন
ঃ রোপণের পর অন্তত ৪০ দিন পর্যন্ত জমি আগাছামুক্ত রাখতে হবে।
৯. রোগবালাই দমন
ঃ অনুমোদিত দমন ব্যবস্থা গ্রহণ করা যেতে পারে।
১০. ফসল কাটা
ঃ ২৫-৩০ অগ্রাহায়ণ (১০-১৫ ডিসেম্বর)।",
ব্রি ধান৪৯,"ব্রি ধান৪৯ আমন মৌসুমের একটি জাত। বাংলাদেশ ধান গবেষণা
ইনস্টিটিউট ২০০৮ সালে এ জাতটি উদ্ভাবন করে। ব্রি ধান৪৯ এর চাল
নাজির শাইল এর মত। এ জাতের জীবনকাল বিআর১১ এর চেয়ে ৭ দিন
কম এবং ফলন বেশী।","গাছের উচ্চতা ১০০ সেন্টিমিটার।
চাল বিআর১১ ও ব্রি ধান৩২-এর চেয়ে চিকন।
চাল মাঝারি মোটা ও সাদা।
চালে প্রোটিনের পরিমাণ ৮.৫%।",,জাতটির জীবনকাল ১৩৫ দিন।,উপযুক্ত পরিচর্যা পেলে বিআর৪৯ হেক্টর প্রতি ৫.০ টন ফলন দিয়ে থাকে।,"১.বীজতলায় বীজ বপন ঃ ১- ৩০ আষাঢ় (১৫ জুন-১৫ জুলাই)।
২.চারার বয়স ঃ ২৫-৩০ দিন।
৩.রোপণ দূরত্ব ঃ সারি থেকে সারি ২৫ সেন্টিমিটার ও চারা থেকে চারা ১৫ সেন্টিমিটার।
৪.সার ব্যবস্থাপনা (কেজি/বিঘা) ঃ
৪.১ ইউরিয়া ২০
টিএসপি ১৩ এমপি ৯
জিপসাম ৮ জিঙ্ক ১.৫
৪.২ ইউরিয়া সার সমান ৩ কিস্তিতে জমি তৈরির শেষ পর্যায়ে, রোপণের ২০-২৫ এবং ৪০ দিন পর প্রয়োগ
করতে হবে। গাছ ঢলে পড়ার আশংকা থাকলে সীমিত পরিমাণে ইউরিয়া প্রয়োগ করা এবং অবশ্যই
অনুমোদিত মাত্রায় পটাশ সার ব্যবহার করতে হবে। তবে এলসিসি ভিত্তিক ইউরিয়া সার প্রয়োগ করা উত্তম।
৫.আগাছা দমন ঃ রোপণের পর অন্তত ৩০-৩৫ দিন পর্যন্ত জমি আগাছামুক্ত রাখতে হবে।
৬.সেচ ব্যস্থাপনা : চাল শক্ত হওয়া পর্যন্ত প্রয়োজনে সম্পূরক সেচ দিতে হবে।
৭.রোগবালাই দমন ঃ অনুমোদিত বালাই দমন ব্যবস্থা অনুসরণ করতে হবে। ব্রি ধান৪৯ জাতটিতে পোকামাকড়ের
আক্রমণ বিআর১১-এর চেয়ে কম।
৮.ফসল কাটাঃ ৫-১০ কার্তিক (২০-২৫ অক্টোবর)।",
ব্রি ধান৫১,"বাংলাদেশ ধান গবেষণা ইনষ্টিটিউট ও আর্ন্তজাতিক ধান গবেষণা
ইনষ্টিটিউটের যৌথ সহযোগিতায় এই জাতটি উদ্ভাবন করে। বিভিন্ন
পরীক্ষা নিরীক্ষায় দেশের আকস্মিক বন্যাপ্রবণ অঞ্চলে রোপা আমন
মৌসুমে ১০ থেকে ১৫ দিন জলমগ্ন হলে প্রচলিত স্বর্ণা জাত থেকে বেশী
এবং স্বাভাবিক (বন্যামুক্ত) পরিবেশে স্বর্ণার ন্যায় সন্তোষজনক ফলন
দেয়ায় এটিকে জাত হিসেবে ২০১০ সালে চুড়ান্তভাবে ছাড়করণ করা হয়।","আকস্মিক বন্যায় জলমগ্ন সহনশীল জাত।
কান্ড মজবুত তাই হেলে পড়ে না ।
গাছের উচ্চতা ৯০ সেমি।
স্বল্প আলোক সংবেদনশীল।
পাকা ধানের রং সাদাটে।
চাল মাঝারি চিকন, স্বচ্ছ ও সাদা।","বাংলাদেশের নিচু থেকে মাঝারি নিচু যা মোট জমির শতকরা ২০ ভাগ বর্ষাকালে আকস্মিক বন্যায় সম্পূর্ণ তলিয়ে যায় এবং ১-
২ সপ্তাহ জলমগ্ন থাকে ফলে ধানের ফলন বন্যার তীব্রতা অনুসারে আংশিক থেকে সম্পূর্ণ ক্ষতিগ্রস্ত হয়। এ সব ক্ষেত্রে ব্রি ধান৫১
বীজতলা কিংবা চারা রোপনের একসপ্তাহ পর ১০-১৫ দিন পানিতে ডুবে থাকলে চারা মরে না বিধায় ফলন কমে না।",বন্যামুক্ত পরিবেশে ১৪০-১৪৫ দিন এবং ১৪ দিনের আকস্মিক বন্যা কবলিত হলে ১৫৫-১৬০ দিন।,"উপযুক্ত পরিচর্যা পেলে আকস্মিক বন্যায় ১০-১৫ দিন ডুবে থাকলেও ৪.০-৪.৫ টন/হেক্টর ফলন দিতে সক্ষম। বন্যা না হলে
স্বাভাবিক ফলন হেক্টর প্রতি ৪.৫-৫.০ টন।","১. বীজতলায় বীজ বপন : ১-১৫ আষাঢ় (১৫-৩০ জুন) উত্তরাঞ্চল।
১৫-৩০ আষাঢ় (১-১৫ জুলাই) অন্যান্য অঞ্চল।
২. চারার বয়স: ৩০- ৩৫ দিন।
৩. রোপণ সময় : ১-৩০ শ্রাবণ (১০ জুলাই-১৫ আগষ্ট)।
৪. রোপণ দুরত্ব : ২৫x ১৫ সেমি।
৫. সার ব্যবস্থাপনা : (কেজি/বিঘা)
৫.১ ইউরিয়া ২০
টিএসপি ১৫
এমপি ৬.৫ 
জিপসাম ৪
জিংক ১.৫
৫.২ ইউরিয়া সার সমান ৩ কিস্তিতে জমি তৈরির শেষ পর্যায়ে, রোপণের ২০-২৫ এবং ৫০ দিন পর প্রয়োগ
করতে হবে। বন্যায় পানি সরে যাওয়ার ৭ -১০ দিন পর জমি আগাছা মুক্ত করে সার প্রয়োগ করতে হবে।
৫.৩ বন্যার পরে ৩ কেজি এমপি সার প্রতি বিঘায় প্রয়োগ করতে হবে।  ৬. গাছ পরিস্কারকরণ ও আগাছা দমন:
বন্যায় পানি সরে যাওয়ার পর পানি দিয়ে ছিটিয়ে বা স্প্রে মেশিনের সাহায্যে গাছের পাতা ধুয়ে পরিস্কার করে
দিতে হবে । তা না হলে পলি পড়াতে পাতা জ্বলে সাদা হয়ে যেতে পারে।
বন্যার পানি সরে যাওয়ার ৭-১০ দিন পর জলজ আগাছা সহ অ্যান্যান্য আগাছা এবং ধানের পচা পাতা পরিস্কার
করে দিতে হবে।
রোপনের পর অন্তত ৩০-৪০ দিন পর্যন্ত আগাছা মুক্ত রাখতে হবে।
৭. সেচ ব্যবস্থাপনা: রোপণের পর থেকে দুধ অবস্থা পর্যন্ত জমিতে যথেষ্ট পরিমাণে রস থাকা প্রয়োজন। এ সময়
খরা হলে অবশ্যই সম্পুরক সেচ দিতে হবে।
৮. রোগ বালাই দমন: অন্যান্য ধানের মতই বন্যা সহিঞ্চূ জাতে রোগবালাই ও পোকামাকড়ের আক্রমণ হতে পারে এবং
তা দমনের প্রয়োজনীয় ব্যবস্থা নিতে হবে।
৯.
ধান পাকা ও কাটা : শীষের আগা থেকে গোড়ার দিকে ৮০% ধান সোনালী রং ধারণ করলে ধান কাটতে হবে।
সাধারনত ১০ কার্তিক-১৫ অগ্রহায়ন (২৫ অক্টোবর-৩০ নভেম্বর) ধান কাটার উপযুক্ত সময়।
",
ব্রি ধান৫২,"বাংলাদেশ ধান গবেষণা ইনষ্টিটিউট ও আর্তজাতিক ধান গবেষণা ইনষ্টিটিউটের যৌথ
সহযোগিতায় এই জাতটি উদ্ভাবন করে । বিভিন্ন পরীক্ষা নিরীক্ষায় দেশের আকস্মিক
বন্যা প্রবণ অঞ্চলে রোপা আমন মৌসুমে ১২ থেকে ১৪ দিন জলমগ্ন হলে প্রচলিত
বিআর১১ জাত থেকে বেশী এবং স্বাভাবিক (বন্যামুক্ত) পরিবেশে বিআর১১-র সমান
ফলন প্রদান করায় এটিকে জাত হিসেবে ২০১০ সালে চূড়ান্তভাবে ছাড়করণ করা হয়।","৯ আকস্মিক বন্যায় জলমগ্ন সহনশীল জাত।
৯ গাছের উচ্চতা ১১৬ সেমি ।

৯ কান্ড মজবুত তাই হেলে পড়ে না । বি ধান৫২
৮ স্বল্প আলোক সংবেদনশীল ।","বাংলাদেশের নিচু থেকে মাঝারি নিচু যা মোট জমির শতকরা ২০ ভাগ বর্ষাকালে আকস্মিক বন্যায় সম্পূর্ন তলিয়ে যায় এবং ১-২ সপ্তাহ
জলমগ্ন থাকে | ফলে ধানের ফলন বন্যার তীব্রতা অনুসারে আংশিক থেকে সম্পূর্ণ ক্ষতিগ্রস্ত হয় । এ সব ক্ষেত্রে বি ধান৫২ বীজতলা কিংবা
চারা রোপণের এক সপ্তাহ পর ১২-১৪ দিন পানিতে ডুবে থাকলে চারা মরে না, ফলে ফসলনষ্ট হয় না ।",স্বাভাবিক বন্যামুক্ত পরিবেশে ১৪০-১৪৫ দিন এবং ১৪ দিনের আকস্মিক বন্যা কবলিত হলে ১৫৫-১৬০ দিন।,"উপযুক্ত পরিচর্যা পেলে ব্রি ধান৫২ রোপা আমন মৌসুমে ১০-১৫ দিন পযর্তত আকস্মিক বন্যায় ডুবে থাকলেও হেক্টর প্রতি ৪.০-৪.৫
টন ফলন দিতে সক্ষম । বন্যা না হলে স্বাভাবিক ফলন হেক্টর প্রতি ৪.৫-৫.০টন।","১. বীজতলায় বীজ বপন : ১-১৫ আষাঢ় (১৫ -৩০ জুন) উত্তরাঞ্চল এবং ১৫-৩০ আষাঢ় (১-১৫ জুলাই) অন্যান্য অঞ্চল ।
২. চারার বয়স: ৩০-৩৫ দিন ।
৩. রোপণ সময় : ১-৩০ শ্রাবণ (১৫ জুলাই-১৫ আগষ্ট) ।
৪. রোপণ দুরত্ব : ২৫ x ১৫ সেমি ।
৫. সার ব্যবস্থাপনা কেজি/বিঘা):
৫.১ ইউরিয়া ২০ টিএসপি ১৫ এমপি ৬.৫ জিপসাম ৪ জিংক ১.৫
৫.২ ইউরিয়া সার সমান ৩ কিস্তিতে জমি তৈরির শেষ পর্যায়ে, রোপনের ২০-২৫ এবং ৫০ দিন পর প্রয়োগ করতে হবে । বন্যায়
পানি সরে যাওয়ার ৭-১০ দিনপর জমি আগাছা মুক্ত করে সার প্রয়োগ করতে হবে ।
৫.৩ বন্যার পরে ৩ কেজি এমপি সার প্রতি বিঘায় প্রয়োগ করতে হবে।
৬. গাছ পরিস্কারকরণ ও আগাছা দমন:
৬.১ বন্যায় পানি সরে যাওয়ার পর পানি দিয়ে ছিটিয়ে বা স্প্রে মেশিনের সাহায্যে গাছের পাতা ধুয়ে পরিস্কার করে দিতে হবে ।
তা না হলে পলি পড়াতে পাতা জ্বলে সাদা হয়ে যেতে পারে ।
৬.২ বন্যার পানি সরে যাওয়ার ৭-১০ দিন পর জলজ আগাছা সহ ্যান্যান্য আগাছা এবং ধানের পচা পাতা পরিস্কার করে দিতে
হবে।
৬.৩ রোপণের পর অন্তত ৩০-৪০ দিন পর্যন্ত আগাছা মুক্ত রাখতে হবে।
. সেচ ব্যবস্থাপনা: রোপনের পর থেকে দুধ অবস্থা পর্যন্ত জমিতে যথেষ্ট পরিমাণে রস থাকা প্রয়োজন। এ সময় খরা হলে
অবশ্যই সম্পূরক সেচ দিতে হবে ।
৮. রোগ বালাই দমন: অন্যান্য ধানের মতই বন্যা সহি জাতে রোগবালাই ও পোকামাকড়ের আক্রমণ হতে পারে এবং তা দমনের
প্রয়োজনীয় ব্যবস্থা নিতে হবে ।
৯. ধান কাটা: শীষের আগা থেকে গোড়ার দিকে ৮০ ভাগ ধান সোনালী রং ধারণ করলে ধান কাটতে হবে।",
ব্রি ধান৫৩,"ব্রি ধান৫৩ বাংলাদেশের উপকুলীয় লবণাক্ত অঞ্চলে ও মাঝারি নিচু অঞ্চলের
রোপা আমন মৌসুমে চাষাবাদ উপযোগী একটি জাত। বাংলাদেশ ধান গবেষণা
ইনস্টিটিউট ২০১০ সালে এ জাতটি উদ্ভাবন করে এবং জাতীয় বীজ র্বোড কর্তৃক
অনুমোদন পায়।","আগাম ও লবণ সহনশীল জাত।
গাছের উচ্চতা ১০৬ সেমি।
চাল মাঝারি চিকন।
এক হাজার ধানের ওজন ২২ গ্রাম।
চালে প্রোটিনের পরিমাণ ৮.৫%।
চালে এম্যাইলোজের পরিমাণ ২৬%।","বাংলাদেশের উপকুলীয় অঞ্চলে প্রায় ৮.৫ লাখ হেক্টর জমিতে বিভিন্ন মাত্রায় লবণাক্ততা রয়েছে। লবণাক্ততায় বিশেষ করে উফশী
ধানের চাষ বিঘ্নিত হয়। বর্ধনশীল ও প্রজনন পর্যায়ে ব্রি ধান৫৩ ৮-১০ ডিএস/ মিটার অর্থ্যাৎ মধ্যম মাত্রায় লবণাক্ততা সহ্য
করতে পারে । এমতাবস্থা ব্রি ধান৫৩ চাষ করে স্থানীয় জাতের চাইতে অন্তত দ্বিগুণ ফলন পাওয়া যাবে। অন্যান্য অঞ্চলের
অপেক্ষাকৃত নিচু জমিতেও এ জাতটি আবাদ যোগ্য।",এ জাতের জীবনকাল ১২৫ দিন।,উপযুক্ত পরিচর্যায় এ জাতের ফলন ৫.০ টন/হেক্টর।,"১. বীজতলায় বীজ বপন: ১০-৩০ আষাঢ় (২০ জুন-১৫ জুলাই)।
২. চারার বয়স: ৩০-৪০ দিন।
৩. রোপণ দুরত্ব: ২০x১৫ সেমি।
৪. সার ব্যবস্থাপনা (কেজি/বিঘা):
৪.১ ইউরিয়া ২৩
টিএসপি ১৬
এমপি ৯ 
জিপসাম ৪
জিংক ১.২৫
৪.২ ইউরিয়া সার সমান ৩ কিস্তিতে জমি তৈরির শেষ পর্যায়ে, রোপণের ২০-২৫ দিন এবং ৬০ দিন পর প্রয়োগ
করতে হবে। তবে এলসিসি ভিত্তিক ইউরিয়া সার প্রয়োগ করাই উত্তম।
৫. আগাছা দমন: রোপণের পর ৩০-৪০ দিন পর্যন্ত জমি আগাছামুক্ত রাখতে হবে।
৬. সেচ ব্যবস্থাপনা: চাল শক্ত হওয়া পর্যন্ত প্রয়োজনে সম্পূরক সেচ দিতে হবে।
৭. রোগ বালাই দমন: রোগ ও পোকার জন্য অনুমোদিত বালাই ব্যবস্থাপনা অনুসরণ করা আবশ্যক।
৮. ফসল পাকা ও কাটা: ১৫-৩০ অগ্রহায়ণ (৩০ নভেম্বর-১৫ ডিসেম্বর) ধান কাটার উপযুক্ত সময়।",
ব্রি ধান৫৪,"ব্রি ধান৫৪ বাংলাদেশের উপকুলীয় লবণাক্ত অঞ্চলে ও মাঝারি নিচু অঞ্চলে রোপা
আমন মৌসুমে চাষাবাদ উপযোগী একটি জাত। বাংলাদেশ ধান গবেষণা
ইনস্টিটিউট ২০১০ সালে এ জাতটি উদ্ভাবন করে এবং জাতীয় বীজ বোড কর্তৃক
অনুমোদন পায়।","এটি একটি আগাম জাত।
জাতটি লবণ সহনশীল।
গাছের উচ্চতা ১১৫ সেমি।
চাল মাঝারি মোটা।
এক হাজার ধানের ওজন ২৬ গ্রাম।
চালে প্রোটিনের পরিমান ৭.০%।
চালে এম্যাইলোজের পরিমাণ ২৪.৭%।","বাংলাদেশের উপকুলীয় অঞ্চলে প্রায় ৮.৫ লাখ হেক্টর জমিতে বিভিন্ন মাত্রায় লবণাক্ততা রয়েছে। লবণাক্ততায় বিশেষ করে উফশী
ধানের চাষ বিঘ্নিত হয়। বর্ধনশীল ও প্রজনন পর্যায়ে ব্রি ধান৫৩, ৮-১০ ডিএস/মিটার অর্থ্যাৎ মধ্যম মাত্রায় লবণাক্ততা সহ্য করতে
পারে । এমতাবস্থায় ব্রি ধান৫৩ চাষ করে স্থানীয় জাতের চাইতে অন্তত দ্বিগুণ ফলন পাওয়া যাবে। অন্যান্য অঞ্চলের অপেক্ষাকৃত
নিচু জমিতে ও জাতটি আবাদযোগ্য।",সাধারণত এ জাতের জীবনকাল ১৩৫ দিন।,জাতটি গড়ে হেক্টর প্রতি ৫.৫ টন ফলন দিয়ে থাকে।,"
বীজতলায় বীজ বপণ : ১০-৩০ আষাঢ় (২০ জুন-১৫ জুলাই)
চারার বয়স: ৩০ -৪০ দিন।
রোপণ দুরত্ব: ২০x ১৫ সেমি।
সার ব্যবস্থাপনা (কেজি/বিঘা):
ইউরিয়া ২৩
টিএসপি ১৬
এমপি ৯
জিপসাম ৪ জিংক
১.২৫
৪.২ ইউরিয়া সার সমান ৩ কিস্তিতে জমি তৈরির শেষ পর্যায়ে, রোপণের ২০-২৫ দিন এবং ৬০ দিন পর প্রয়োগ
করতে হবে। তবে এলসিসি ভিত্তিক ইউরিয়া সার প্রয়োগ করা উত্তম।
আগাছা দমন: রোপণের পর অন্তত ৩০-৪০ দিন পর্যন্ত জমি আগাছামুক্ত রাখতে হবে।
সেচ ব্যবস্থাপনা: চাল শক্ত হওয়া পর্যন্ত প্রয়োজনে সম্পূরক সেচ দিতে হবে।
রোগ বালাই দমন: রোগ ও পোকার জন্য অনুমোদিত বালাই ব্যবস্থাপনা অনুসরণ করা আবশ্যক।
ফসল কাটা ঃ ১৫-৩০ অগ্রহায়ণ (৩০ নভেম্বর-১৫ ডিসেম্বর) ধান কাটার উপযুক্ত সময়।",
ব্রি ধান৫৬," আমন ধানের জাত
ব্রি ধান৫৬ এর কৌলিক সারিটি আন্তত্মর্জাতিক ধান গবেষণা ইনস্টিটিউট এর ওজ
৫৫৪১৯-৪ এবং ডঅণ জঅজঊগ নামক স্থানীয় খরাসহিষ্ণু জাতের সাথে দুইবার
পশ্চাৎ সংকরায়ন করে বংশানুক্রম সিলেকশান এর মাধ্যমে উদ্ভাবিত। পরবর্তীতে
২০০৯ এবং ২০১০ সালে বাংলাদেশের খরাপ্রবণ এলাকায় কৌলিক সারিটি ফলন
পরীক্ষায় সস্তোষজনক হওয়ায় বীজবোর্ড কর্তৃক ২০১১ সালে চুড়ান্তভাবে অনুমোদিত
হয়।","বর্ধণশীল পর্যায়ে গাছের আকার ও আকৃতি বিআর১১ এর চেয়ে লম্বা। পূর্ণবয়স্ক গাছের উচ্চতা ১১৫ সেমি।
এ জাতের ডিগ পাতা খাড়া ও লম্বা, পাতার রং গাঢ় সবুজ এবং পাকা ধানের রং লালচে।
ধানের দানার রং স্বর্ণা জাতের মত, তবে একটু মোটা ও লম্বা ।
১০০০ টি পুষ্ট ধানের ওজন প্রায় ২৩.৬ গ্রাম।
চালের আকার আকৃতি লম্বা ও মোটা এবং রং সাদা।","ব্রি ধান ৫৬ এর জীবনকাল বিনা ধান৭ এর চেয়ে ৫ দিন এবং ব্রি ধান৩৩ এর চেয়ে ১০ দিন আগাম। ব্রি ধান৫৬ একটি খরা সহনশীল
জাত। প্রজনন পর্যায়ে সর্বোচ্চ ১০-১২ দিন বৃষ্টি না হলেও ফলনের তেমন কোন ক্ষতি হয় না। সে সময় ভূগর্ভস্থ পানির স্তর ভূপৃষ্ঠ থেকে
৭০-৮০ সেমি নিচে থাকলে এবং মাটির আর্দ্রতা ২০% এর নীচে হলেও এ জাতটি হেক্টরে সর্বোচ্চ ৩.৫ টন ফলন দিতে সক্ষম।",এ জাতের জীবন কাল ১০৫-১১০ দিন।,উপযুক্ত পরিচর্যা পেলে ব্রি ধান৫৬ এর ফলন হেক্টরে ৪.৫- ৫.০ টন পর্যন্ত পাওয়া যায়।,"এ ধানের চাষাবাদ অন্যান্য উফশী রোপা আমন জাতের মতই। মাঝারি উঁচু থেকে উঁচু জমি এ ধান চাষের জন্য উপযুক্ত।
১. বীজতলায় বীজ বপন : ১৫ - ৩০ জুলাই অর্থাৎ ৩১ আষাঢ় থেকে ১৫ শ্রাবণ।
২. চারার বয়স : ২০-২৫ দিন।
৩. রোপণ দূরত্ব : ২০ x ১৫ সেন্টিমিটার।
৪. সার ব্যবস্থাপনা (কেজি/বিঘা) :
৪.১ ইউরিয়া ২২ টিএসপি ১২ এমপি ৭.৫ জিপসাম ৭ জিঙ্ক ১
৪.২ সর্বশেষ জমি চাষের সময় সবটুকু টিএসপি, জিঙ্ক সালফেট, জিপসাম এবং অর্ধেক এমপি সার প্রয়োগ করা উচিত। ইউরিয়া
সার সমান দুই কিস্তিত যথা রোপনের ১০ দিন পর ১ম কিস্তি, ২০-২৫ দিন পর ২য় কিস্তি প্রয়োগ করতে হবে। বাকী অর্ধেক
এমপি সার ইউরিয়া উপরি প্রয়োগের সাথে প্রয়োগ করতে হবে। জিঙ্কের অভাব পরিলক্ষিত হলে জিঙ্ক সালফেট এবং
সালফারের অভাব পরিলতি হলে জিপসাম ইউরিয়ার মত উপরি প্রয়োগ করতে হবে। তবে এলসিসি ভিত্তিক ইউরিয়া সার
প্রয়োগ করা উত্তম।
৫. আগাছা দমন : রোপণের পর অন্তত ৩০-৩৫ দিন জমি আগাছামুক্ত রাখতে হবে।
৬. সেচ ব্যস্থাপনা : চাল শক্ত হওয়া পর্যন্ত প্রয়োজনে সম্পূরক সেচ দিতে হবে।
৭. রোগবালাই দমন : ব্রি ধান৫৬ এ রোগ বালাই ও পোকামাকড়ের আক্রমন প্রচলিত জাতের চেয়ে অনেক কম হয়। তবে
রোগবালাই ও পোকা মাকড়ের আক্রমণ দেখা দিলে বালাইনাশক প্রয়োগ করা উচিৎ।
৮. ফসল কাটা : ১৫-২০ কার্তিক (৩০ অক্টোবর-৫ নভেম্বর)।",
ব্রি ধান৫৭,"ব্রি ধান৫৭ এর কৌলিক সারিটি বি আর ১১ এবং ুওঘএঊজ” এর মাধ্যমে প্রাপ্ত লাইন
ঈজ১৪৬-৭০২৭-২২৪ এর সাথে পাঁচ বার পশ্চাৎ সংকরায়ন করে বংশানুক্রম
সিলেকশান এর মাধ্যমে উদ্ভাবিত। পরবর্তীতে ""ঐবধফ জড়""ি পদ্ধতিতে একটি
লাইন বাছাই করে বীজ বর্ধন করে চুড়ান্তভাবে কৌলিক সারিটি নির্বাচন করা হয়।
কৌলিক সারিটি প্রজনন প্রক্রিয়ায় পরীক্ষা নিরীক্ষা ও দেশের খরাপ্রবণ এলাকায় স¦ল্প
মেয়াদী জীবনকাল হিসাবে এবং ফলন পরীক্ষায় সন্তোষজনক হওয়ায় জাত হিসাবে
বীজবোর্ড কর্তৃক ২০১১ সালে চুড়ান্তভাবে নির্বাচন করা হয়।","বর্ধণশীল পর্যায়ে গাছের আকার ও আকৃতি বি আর১১ এর চেয়ে একটু লম্বা। পূর্ণ বয়স্ক গাছের উচ্চতা ১১০-১১৫ সেমি।
এ জাতের ডিগ পাতা খাড়া ও লম্বা এবং পাতার রং ফ্যাকাশে সবুজ।
এ জাতের প্রধান বৈশিষ্ট্য ধানের দানা চিকন এবং অগ্রভাগ অনেকটা সোজা।
১০০০ টি পুষ্ট ধানের ওজন প্রায় ১৯.২ গ্রাম।
পাকা ধানের রং খড়ের মত।
চালের আকার আকৃতি প্রচলিত জিরাশাইল এবং মিনিকিট চালের মত।","ব্রি ধান ৫৭ এর জীবনকাল আগাম উফশী জাত বিনা ধান ৭ এর চেয়ে ১০ দিন এবং ব্রি ধান৩৩ এর চেয়ে ১৫ দিন কম। ব্রি ধান৫৭ মধ্যম
মাত্রার খরা সহনশীল। এ জাতের জীবন কাল স¦ল্প মেয়াদী হওয়ায় খরা আসার পূর্বেই ধানের দানা দুধ অবস্থা থেকে আধা শক্ত অবস্থায়
চলে আসে। তাই এ জাতটিকে খরা পরিহারকারী জাত হিসাবে গণ্য করা যায়। প্রজনন পর্যায়ে একটানা সর্বোচ্চ ৮-১০ দিন বৃষ্টি না
হলেও ফলনের তেমন কোন ক্ষতি হয় না। সে সময় ভূগর্ভস্থ পানির স্তর ভূপৃষ্ট থেকে ৭০-৮০ সেমি নিচে থাকলে এবং মাটির আর্দ্রতা
২০% এর নীচে হলেও এ জাতটি প্রতি হেক্টরে সর্বোচ্চ ৩.০ টন ফলন দিতে সক্ষম ।",এ জাতের জীবন কাল ১০০-১০৫ দিন।,"উপযুক্ত পরিচর্যা পেলে ব্রি ধান৫৭ এর ফলন হেক্টরে ৪.০ টন থেকে ৪.৫
টন পর্যন্ত পাওয়া যায়।","এ ধানের চাষাবাদ অন্যান্য উফশী রোপা আমন জাতের মতই। মাঝারি উঁচু থেকে উঁচু জমি এ ধান চাষের জন্য উপযুক্ত।
১. বীজতলায় বীজ বপন : ১৫ - ৩০ জুলাই অর্থাৎ ৩১ আষাঢ় - ১৫ শ্রাবণ।
২. চারার বয়স : ২০-২৫ দিন।
৩. রোপণ দূরত্ব : ২০ x ১৫ সেন্টিমিটার।
৪. সার ব্যবস্থাপনা (কেজি/বিঘা) :
৪.১ ইউরিয়া ২২ টিএসপি ১২ এমপি ৭.৫ জিপসাম ৭ জিঙ্ক ১
৪.২ সর্বশেষ জমি চাষের সময় সবটুকু টিএসপি, জিংক সালফেট, জিপসাম এবং অর্ধেক এমপি সার প্রয়োগ করা উচিত। ইউরিয়া
সার সমান দুই কিস্তিত যথা রোপনের ১০ দিন পর ১ম কিস্তি, ২০-২৫ দিন পর ২য় কিস্তি প্রয়োগ করতে হবে। বাকী অর্ধেক
এমপি সার ইউরিয়া উপরি প্রয়োগের সাথে প্রয়োগ করতে হবে। জিঙ্কের অভাব পরিলক্ষিত হলে জিঙ্ক সালফেট এবং
সালফারের অভাব পরিলতি হলে জিপসাম ইউরিয়ার মত উপরি প্রয়োগ করতে হবে। তবে এলসিসি ভিত্তিক ইউরিয়া সার
প্রয়োগ করা উত্তম।
৫. আগাছা দমন : রোপণের পর অন্তত ৩০-৩৫ দিন জমি আগাছামুক্ত রাখতে হবে।
৬. সেচ ব্যস্থাপনা : চাল শক্ত হওয়া পর্যন্ত প্রয়োজনে সম্পূরক সেচ দিতে হবে।
৭. রোগবালাই দমন : ব্রি ধান৫৬ এ রোগ বালাই ও পোকামাকড়ের আক্রমণ প্রচলিত জাতের চেয়ে অনেক কম হয়। তবে
রোগবালাই ও পোকা মাকড়ের আক্রমণ দেখা দিলে বালাইনাশক প্রয়োগ করা উচিৎ।
৮. ফসল কাটা : ১৫-২০ কার্তিক (৩০ অক্টোবর-৫ নভেম্বর)।",
ব্রি হাইব্রিড ধান৪,"ব্রি হাইব্রিড ধান৪ রোপা আমন মৌসুমের জন্য চাষ উপযোগী ব্রি উদ্ভাবিত সর্ব
প্রথম জাত। ইহার কৌলিক সারি বিআর২৮এইচ।এই জাতটি ২০১০ সালে
জাতীয় বীজ বোর্ড কর্তৃক অনুমোদন লাভ করে। বন্যামুক্ত এলাকার রোপা আমন
চাষের অনুকুল পরিবেশে চাষাবাদের জন্য ব্রি হাইব্রিড ধান৪ নির্বাচন করা যেতে
পারে।","রোপা আমনের আগাম জাত।
গাছের উচ্চতা ১১২ সেন্টিমিটার।
চাল মাঝারি চিকন, স্বচ্ছ ও সাদা।",,এর জীবন কাল ১১৮ দিন।,এই জাতের গড় ফলন হেক্টর প্রতি ৬.৫ টন।,"১. বীজ তলায় বীজ বপণ : ১-৩০ আষাঢ় (১৫ জুন -১৫ জুলাই)।
২. চারা রোপন: ১-৩০ শ্রাবণ (১৫ জুলাই-১৫ আগষ্ট)।
৩. বীজের হার: ১৫-২০ কেজি/হেক্টর (২-২.৫ কেজি/বিঘা)।
৪. চারার বয়স: ২৫-৩০ দিন।
৫. রোপণ দুরত্ব: ২০x ১৫ সেমি।
৬. প্রতি গোছায় চারা: ১-২টি।
৭. সার ব্যবস্থাপনা (কেজি/বিঘা):
ইউরিয়া ২১ টিএসপি ১৩ এমপি ৯
জিপসাম ৮ জিংক ১.২৫
৭.২ ইউরিয়া সার সমান ৩ ভাগে ভাগ করে ১ম কিস্তি জমি তৈরির সময়, ২য় কিস্তি চারা রোপনের ১৫-২০ দিন
পর এবং ৩য় কিস্তি চারা রোপণের ৩০-৩৫ দিন পর উপরি প্রয়োগ করতে হবে। তবে এলসিসি ভিত্তিক
ইউরিয়া সার প্রয়োগ করাই উত্তম।
৮. আগাছা দমন: রোপণের পর অন্তত ৩০-৩৫ দিন পর্যন্ত জমি আগাছা মুক্ত রাখতে হবে।
৯. সেচ ব্যবস্থাপনা: ধানের দুধ অবস্থা পর্যন্ত জমিতে যথেষ্ট পরিমান পানি বা রসের ব্যবস্থা রাখতে হবে।
১০. রোগবালাই দমন: রোগ ও পোকার জন্য অনুমোদিত বালাই ব্যবস্থাপনা অনুসরণ করতে হবে।
১১. ফসল পাকা ও কাটা: ২৫-৩০ আশ্বিন (১০-১৫ অক্টোবর)। সাধারণত ৮০% পেকে গেলে ধান কাটতে হবে",
ব্রি হাইব্রিড ধান৬,"ব্রি হাইব্রিড ধান৬ আমন মৌসুমের জাত। এর কৌলিক সারি নং বিআর১৩৬১এইচ।
জাতটির মাতৃ সারি ইরি ও পিতৃ সারি বি কর্তৃক উডাবিত। এ জাতের ক্রস কম্বিনেশন হলো
আইআর৭৯১৫৬এ/বিআরআরআই২০আর। জাতটি ঢাকা, চট্টগ্রাম ও যশোর অঞ্চলে
কৃষক পর্যায়ে চাষাবাদের জন্য অবমুক্ত করা হয়েছে।","গাছের উচ্চতা ১০৫-১১০ সেমি । ব্রি হাইব্রিড ধান৬

কান্ড শক্ত বিধায় ঢলে পড়ার সম্ভাবনা নেই।

স্বাভাবিক অবস্থায় প্রতি গাছে কুশির সংখ্যা ১২-১৫টি।

চালে আযামাইলোজের পরিমান শতকরা ২৪ ভাগ এবং প্রোটিনের পরিমান শতকরা ৯ ভাগ ।

দানার আকৃতি সরু ওলম্বা এবং ভাত ঝরঝরে ।

১০০০ দানার ওজন ২২.৬গ্রাম।",আমন মৌসুমে পিতৃ ও মাতৃ সারির জীবনকালের পার্থক্য ৩ দিন ও বোরো মৌসুমে ৬ দিন। উভয় মৌসুমে এই জাতটির বীজ উৎপাদন সম্ভব । আমন মৌসুমে বীজ উৎপাদনে ফলন ১.৫-২.০ টন এবং বোরো মৌসুমে বীজ উৎপাদনে ফলন ২.৩-২.৫ টন ।,এ জাতের জীবন কাল ১১০-১১৫ দিন।,৬.০-৬.৫টন/হেক্টর ।,"১. স্বল্প জীবনকাল বিধায় বীজতলায় বীজ বপনের সময়ঃ ২১-৩১ আষাঢ় (৫ জুলাই-১৫ জুলাই)। 
২. চারা রোপনঃ ১৫-২৬ শ্রাবণ (৩০ জুলাই-১০ আগষ্ট)। 
৩. বীজের হারঃ ১৫ কেজি/হেক্টর। 
৪. চারার বয়সঃ ২৫-৩০ দিন। 
৫. রোপন দূরত্বঃ ২০ সেমি x১৫ সেমি। 
৬. প্রতি গুছিতে চারার সংখ্যাঃ ১-২ টি এবং চারা লাগানোর ৫-৭ দিনের মধ্যে মরা গুছি একই বয়সের চারা দ্বারা পূরণ (Gap filling) করতে হবে। 
৭. সার ব্যবস্থাপনা (কেজি/বিঘা)ঃ 
ইউরিয়া ২৭
টিএসপি ৮
এমওপি ৭
জিপসাম ৮
জিংক ১
জমি তৈরীর সময় শেষ চাষে ৭ কেজি ইউরিয়া, ৭ কেজি এমওপি এবং অন্যান্য সার পূর্ণ মাত্রায় মাটির সাথে মিশিয়ে দিতে হবে। চারা রোপনের ১০-১৫ দিন পর ৪.৫ কেজি ও ৩০-৩৫ দিন পর ৪.৫ কেজি ইউরিয়া এবং সর্বশেষ ৫০-৫৫ দিন পর ৪ কেজি ইউরিয়া এবং ৪ কেজি এমওপি সার উপরি প্রয়োগ করতে হবে। 
৮. আগাছা দমনঃ আগাছা দমনে আগাছানাশক ব্যবহার করলে প্রথম কিস্তির ইউরিয়া সার উপরি প্রয়োগের সাথে অনুমোদিত আগাছানাশক সঠিক মাত্রায় প্রয়োগ করতে হবে এবং জমিতে সেচ দিয়ে পানি ১০-১৫ দিন ধরে রাখতে হবে। 
৯. সেচ ব্যবস্থাপনাঃ সার উপরি প্রয়োগের পূর্বে জমি ২-৩ বার শুকিয়ে দিতে পারলে অধিক কুশি পাওয়া সম্ভব। পরিমিত সেচ ব্যবহার করতে হবে এবং ধানে দুধ আসা পর্যন্ত জমিতে প্রয়োজনীয় পানি ব্যবস্থা করতে হবে। 
১০. রোগবালাই ও পোকামাকড় দমনঃ রোগ ও পোকামাকড়ের জন্য অনুমোদিত বালাই ব্যবস্থাপনা অনুসরণ করতে হবে। 
১১. ফসল কর্তনঃ ১৫-২৬ কার্তিক (৩০ অক্টোবর-১০ নভেম্বর)।",
ব্রি ধান৭০,ব্রি ধান৭০ এর কৌলিক সারি BR7357-11-2-4-1-1। উক্ত কৌলিক সারিটি বাংলাদেশ ধান গবেষণা ইনস্টিটিউট কর্তৃক IR67423-208-6-2-3-3 এবং IR65610-105-2-5-2-2-2 এর সাথে সংকরায়ণ করে বংশানুক্রম সিলেকশন (Pedigree Selection) এর মাধ্যমে উদ্ভাবন করা হয়। বাংলাদেশ ধান গবেষণা ইনস্টিটিউট এর গবেষণা মাঠে হোমোজাইগাস কৌলিক সারি নির্বাচনের পর ৫ বৎসর ফলন পরীক্ষার পর উক্ত কৌলিক সারিটি ২০১৩ সালে বাংলাদেশের বিভিন্ন এলাকায় কৃষকের মাঠে পরীক্ষা নিরীক্ষা এবং ২০১৪ সালে বাংলাদেশের জাতীয় বীজ বোর্ড কৃষকের মাঠে ফলন পরীক্ষায় সন্তোষজনক হওয়ায় রোপা আমন মৌসুমের জন্য জাত হিসাবে চূড়ান্তভাবে নির্বাচন করা হয়। আমন মৌসুমে জাতটি চাষাবাদ পদ্ধতি নিম্নে দেয়া হলো।,"অধিক ফলনশীল সুগন্ধী আমন ধানের জাত। 
ডিগপাতা খাড়া ও লম্বা এবং গাছের উচ্চতা ১২৫ সে. মি। 
ধানের দানার রং খড়ের মত, অত্যন্ত লম্বা, চিকন ও সুগন্ধী। 
দানার অগ্রভাগে ক্ষুদ্র শুং এবং রঙীন টিপ আছে। 
চালের আকার আকৃতি বেশ লম্বা ও চিকন এবং রং সাদা। 
১০০০ টি পৃষ্ট ধানের ওজন প্রায় ২০ গ্রাম। 
চালে এমাইলোজের পরিমান ২১.৭%।","ব্রিধান৭০ এর জীবনকাল ব্রি ধান৩৭ এর চেয়ে ১০-১৫ দিন কম । এ জাতের ডিগ পাতা খাড়া ও লম্বা তাই ক্ষেত দেখতে খুব আকর্ষনীয় হয় । ধান লম্বা
চিকন ও রপ্তানী যোগ্য ৷ এ জাতটি হেক্টরে ৪.৮ টন পর্যন্ত ফলন দিতে সক্ষম । এ ধান কাটার পর রবিশস্য সময়মত আবাদ করা যায় ।",এ জাতের গড় জীবন কাল ১৩০ দিন।,,"এ জাতটি বৃষ্টি নির্ভর রোপা আমন মৌসুমে চাষাবাদ উপযোগী । এ ধানের চাষাবাদ অন্যান্য উফশী রোপা আমন ধানের মতই ।
১. বীজ তলায় বীজ বপন: বীজ বপনের উপযুক্ত সময় ১৫ আষাঢ় - ৩১ আষাঢ় (২৯ জুন- ১৫ জুলাই)।
২. চারার বয়স: ২৫-৩০ দিন ।
৩. চারার সংখ্যাঃ প্রতি গুছিতে ২/৩ টি ।
৪. রোপন দুরতৃ: ২০ সে.মি. * ১৫ সে.মি. |
৫. সার ব্যাবস্পনা (কেজি/বিঘা)

৫.১ ইউরিয়া ২৪ টিএসপি ১০ এমপি ১৩ জিপসাম ৯ জিংক সালফেট ১.৩ 
৫.২ সর্বশেষ জমি চাষের সময় সবটুকু টিএসপি, অর্ধেক এমপি, জিপসাম এবং জিংক সালফেট প্রয়োগ করা উচিত । ইউরিয়া সার সমান তিন
কিস্তিতে যথা রোপনের ১০-১৫ দিন পর ১ম কিস্তি, ২৫-৩০ দিন পর ২য় কিস্তি এবং ৪০-৪৫ দিন পর ৩য় কিস্তি প্রয়োগ করতে হবে । বাকী অর্ধেক এমপি
৬. আগাছা দমন: রোপনের পর অন্তত ৩৫-৪০ দিন পর্যন্ত জমি আগাছা মুক্ত রাখতে হবে।
৭. সেচ ব্যবস্পপনা: থোড় অবস্শ থেকে দুধ অবস্ণ পর্যন্ত জমিতে পর্যাপ্ত রস বা পানি রাখতে হবে।
৮. রোগ বালাই দমন: বি ধান৭০ এ রোগ বালাই ও পোকামাকড়ের আক্রমণ প্রচলিত জাতের চেয়ে অনেক কম হয় ৷ তবে রোগবালাই ও পোকা মাকড়ের
আক্রমণ দেখা দিলে সমন্বিত বালাই দমন ব্যবস্াপনা ব্যবহার করা উচিৎ।
৯. ফসল পাকা ও কাটা: ১০-১৫ নভেম্বর ধান কাটার উপযুক্ত সময় ।",
ব্রিধান৭১,"ব্রি ধান৭১ এর কৌলিক সারি IR82589-B-B-84-3। উক্ত কৌলিক সারিটি আন্তর্জাতিক ধান গবেষণা ইনস্টিটিউট, ফিলিপাইনে IR55423-01 (NSIC RC 9) এবং IRR1148 এর সাথে সংকরায়ন করে বংশানুক্রম সিলেকশন (Pedigree Selection) এর মাধ্যমে উদ্ভাবিত। বিগত ২০১২ সালে বাংলাদেশ ধান গবেষণা ইনষ্টিটিউট কর্তৃক উক্ত কৌলিক সারিটি আন্তর্জাতিক ধান গবেষণা ইনস্টিটিউট হতে Introduction করা হয় এবং কৃষকের অংশগ্রহণে জাত নির্বাচনের মাধ্যমে কৌলিক সারিটি নির্বাচন করা হয়। পরবর্তীতে ২০১৩ সালে রোপা আমন মৌসুমে বাংলাদেশের বিভিন্ন খরাপ্রবণ এলাকায় কৃষকের মাঠে এর আঞ্চলিক উপযোগিতা যাচাই করা হয়। আঞ্চলিক উপযোগিতায় সন্তোষজনক ফলাফল পাওয়ার পর ২০১৪ সালে দেশের বিভিন্ন খরাপ্রবণ এলাকায় জাতীয় বীজ বোর্ড কর্তৃক মূল্যায়ন করা হয় এবং ফলন পরীক্ষায় সন্তোষজনক হওয়ায় রোপা আমন মৌসুমে জাত হিসাবে চূড়ান্তভাবে নির্বাচন করা হয়। আমন মৌসুমে জাতটি চাষাবাদ পদ্ধতি নিম্নে দেয়া হলো।","* অধিক ফলনশীল।

* ডিগ পাতা খাড়া ও লম্বা এবং পাতার রংগাঢ় সবুজ ।

* পূর্ণ বয়স্ক গাছের উচ্চতা ১০৭-১০৮ সেঃ মিঃ।

* ধানের দানার রং খড় এর মত এবং মাঝারী মোটা ।

৬ ১০০০টি পুষ্ট ধানের ওজন প্রায় ২৪ গ্রাম ।

৬ চালে এমাইলোজের পরিমাণ ২৪.০% |

চালের আকার আকৃতি মাঝারী লম্বা ও মোটা এবংরংসাদা ।","ব্রি ধান৭১ এর জীবনকাল ব্রি ধান৫৬ এর চেয়ে ৩-৫ দিন বেশী। ব্রি ধান৭১ একটি খরা সহনশীল জাত। প্রজনন পর্যায়ে সর্বোচ্চ ২১-২৮ দিন বৃষ্টি না হলেও ফলনের তেমন কোন ক্ষতি হয় না। সে সময় Perch water table depth ভূপৃষ্ঠ (surface) থেকে ৭০-৮০ সেঃ মিঃ নিচে থাকলে এবং মাটির আদ্রতা ২০% এর নিচে হলেও এ জাতটি হেক্টরে ৩.৫ টনেরও বেশী ফলন দিতে সক্ষম। মধ্যম মাত্রার খরা হলে হেক্টরে ৪.০ টন এবং খরা না হলে ৫.০ টন ফলন দিতে পারে। খরাপ্রবণ বৃষ্টিনির্ভর এলাকায় এ ধান আবাদ করার পর মসুর, ছোলা, বার্লি, তিসি আবাদের সুযোগ তৈরী হবে।",এ জাতের গড় জীবন কাল ১১৪-১১৭ দিন।,"প্রজনন পর্যায়ে ২১-২৮ দিন বৃষ্টির অভাবে খরা হলে হেষ্টরে ৩.০-৩.৫ টন ফলন পাওয়া যায় ৷ তবে উপযুক্ত পরিচর্যা পেলে এবং খরা না পেলে বি ধান৭১ এর
ফলন হেক্টরে ৫.০ টন থেকে ৬.০টন পর্যন্ত পাওয়া যায়।","এ জাতটি বৃষ্টি নির্ভর রোপা আমন মৌসুমে চাষাবাদ উপযোগী। এ ধানের চাষাবাদ অন্যান্য উফশী রোপা আমন ধানের মতই। 
১. বীজ তলায় বীজ বপন: বীজ বপনের উপযুক্ত সময় ২১ আষাঢ়-৩১ আষাঢ় (৫ জুলাই-১৫ জুলাই)। 
২. চারার বয়স: ২০-২৫ দিন। 
৩. চারার সংখ্যা। প্রতি গুছিতে ২/৩ টি। 
৪. রোপন দুরত্ব। ২০ সে.মি. × ১৫ সে.মি.। 
৫. সার ব্যাবস্পপনা (কেজি/বিঘা) 
৫.১ ইউরিয়া ২৪
টিএসপি ১১.৬
এমপি ১৫ 
জিপসাম ১০ 
জিংক সালফেট ১.৩ 
৫.২ সর্বশেষ জমি চাষের সময় এক তৃতীয়াংশ ইউরিয়া সার, সবটুকু টিএসপি, 'অর্ধেক এমপি, জিপসাম এবং জিংক সালফেট প্রয়োগ করা উচিত। ইউরিয়া সার সমান দুই কিস্তিতে যথা রোপনের ১০-১৫ দিন পর ১ম কিস্তি এবং জমির উর্বরতা দেখে ৩০-৩৫ দিন পর ২য় কিস্তি প্রয়োগ করতে হবে। 
৬. আগাছা দমন: রোপনের পর অন্তত ৩৫-৪০ দিন পর্যন্ত জমি আগাছা মুক্ত রাখতে হবে। 
৭. সেচ ব্যবস্থাপনা: থোড় অবস্থা থেকে দুধ অবস্থা পর্যন্ত জমিতে পর্যাপ্ত রস বা পানি রাখতে হবে। 
৮. রোগ বালাই দমন: ব্রি ধান৭১ এ রোগ বালাই ও পোকামাকড়ের আক্রমণ প্রচলিত জাতের চেয়ে অনেক কম হয়। তবে রোগবালাই ও পোকা মাকড়ের আক্রমণে সমন্বিত বালাই দমন ব্যবস্থাপনা ব্যবহার করা উচিৎ। 
৯. ফসল পাকা ও কাটা: ০১-১৫ নভেম্বর ধান কাটার উপযুক্ত সময়।",
ব্রি ধান৭২,"ব্রি ধান৭২ এর কৌলিক সারি নং- BR7528-2R-19-HR10। উক্ত কৌলিক সারিটি বাংলাদেশ ধান গবেষণা ইনস্টিটিউট, গাজীপুরে BR7166-4-5-3 এবং BRRI dhan39 জাতের মধ্যে সংকরায়নের পর র‍্যাপিড জেনারেশন এডভান্স এবং বংশানুক্রম সিলেকশন (Pedigree Selection) এর মাধ্যমে উদ্ভাবিত। উক্ত কৌলিক সারিটি বিভিন্ন পর্যায়ে পরীক্ষা-নিরীক্ষার পর ২০১৩ এবং ২০১৪ সালে আমন মৌসুমে কৃষকের মাঠে জাতীয় বীজ বোর্ড কর্তৃক ফলন পরীক্ষায় সন্তোষজনক হওয়ায় জাত হিসাবে চূড়ান্তভাবে নির্বাচন করা হয়। এ জাতটির চাষাবাদ পদ্ধতি নিম্নে দেয়া হলো।","অধিক ফলনশীল জিংক সমৃদ্ধ আমন ধানের জাত। 
গাছের উচ্চতা ১১৬ সে. মি. কি গাছ মজবুত বিধায় ঢলে পড়ে না। 
ডিগ পাতা চওড়া ও গাঢ় সবুজ রঙের। 
ধানের শীষের মাথার দিকের দানায় ছোট শুং থাকে। 
চালের আকার আকৃতি লম্বা, মোটা এবং রং সাদা। 
১০০০ টি পুষ্ট ধানের ওজন প্রায় ২৭.৯ গ্রাম। 
চালে এমাইলোজের পরিমাণ ২৬.০%।","ব্রি ধান৭২ এর জীবনকাল বি ধান৩৯ এর চেয়ে ৩-৭ দিন নাবী | তবে আমন ধান কেটে অনায়াসে গম, সরিষা বা ডাল জাতীয় ফসল আবাদ করা সম্ভব | এ
জাতের চালে শতকরা ৮.৯ ভাগ প্রোটিন এবং ২২.৮ মিলিগ্রাম/কেজি জিঙ্ক রয়েছে, যা প্রচলিত অন্যান্য জাতের চেয়ে প্রায় ৬ মিলিশ্রাম/কেজি এবং জিংক
সমৃদ্ধ আমন ধানের জাত ব্রি ধান৬২ এর চেয়ে প্রায় ৩ মিলিগ্ৰাম/কেজি বেশি ।",এ জাতের গড় জীবন কাল ১২৫-১৩০ দিন।,ব্রি ধান৭২ জাতটি গড়ে হেক্টর প্রতি ৫.৭ টন পর্যন্ত ফলন দিতে সক্ষম | তবে উপযুক্ত পরিচর্যায় ৭.৫ টন পর্যন্ত ফলন পাওয়াযায়।,"এ ধানের চাষাবাদ অন্যান্য উফশী আমনধানের জাতের মতই। 
১. বীজ তলায় বীজ বপন: বীজ বপনের উপযুক্ত সময় হলো ২৫ জুন থেকে ০৫ জুলাই অর্থাৎ ১১ আষাঢ় ২১ আষাঢ়ের মধ্যে। 
২. চারার বয়স: ২০-২৫ দিন। 
৩. চারার সংখ্যা: প্রতি গুছিতে ২/৩ টি। 
৪. রোপন দূরত্ব: ২০ সে.মি. ১৫ সে.মি.। 
৫. সার ব্যাবস্থাপনা (কেজি/বিঘা) 
৫.১ ইউরিয়া ২০
টিএসপি ৭
এমপি ১১
জিপসাম ৮ 
জিংক সালফেট ১.৩ 
৫.২ সর্বশেষ জমি চাষের সময় সবটুকু টিএসপি, জিপসাম এবং অর্ধেক এমওপি সার প্রয়োগ করা উচিত। ইউরিয়া সার সমান দুই কিস্তিতে যথা রোপনের ১০ দিন পর ১ম কিস্তি এবং ২০-২৫ দিন পর ২য় কিস্তি প্রয়োগ করতে হবে। বাকী অর্ধেক এমওপি সার শেষ কিস্তি ইউরিয়া উপরি প্রয়োগের সাথে প্রয়োগ করতে হবে। জিংকের অভাব পরিলক্ষিত হলে জিংক সালফেট এবং সালফারের অভাব পরিলক্ষিত হলে জিপসাম ইউরিয়ার মত উপরি প্রয়োগ করা যেতে পারে। 
৬. আগাছা দমন: রোপনের পর অন্তত ৩৫-৪০ দিন পর্যন্ত জমি আগাছা মুক্ত রাখতে হবে। 
৭. সেচ ব্যবস্থাপনা: থোড় অবস্থা থেকে দুধ অবশ্য পর্যন্ত জমিতে পর্যাপ্ত রস বা পানি রাখতে হবে। 
৮. রোগ বালাই দমন: ব্রি ধান৭২ এ রোগ বালাই ও পোকামাকড়ের আক্রমণ প্রচলিত জাতের চেয়ে অনেক কম হয়। তবে রোগবালাই ও পোকামাকড়ের আক্রমণে সমন্বিত বালাই দমন ব্যবস্থা প্রয়োগ করা উচিত। 
৯. ফসল পাকা ও কাটা: ০১-৩০ নভেম্বর ধান কাটার উপযুক্ত সময়।",
ব্রি ধান৭৩,ব্রি ধান৭৩ এর কৌলিক সারি নং- IR78761-B-SATB1-28-3-24। উক্ত কৌলিক সারিটি সাতক্ষীরার লবণাক্ত অঞ্চলে প্রচলিত প্রজনন পদ্ধতিতে কৌলিক বাছাই (Pedigree selection) এর মাধ্যমে চূড়ান্ত কৌলিক সারি নির্বাচন করা হয়। এ কৌলিক সারিটি গবেষণাগারে ও দেশের বিভিন্ন লবণাক্ততা প্রবণ অঞ্চলে ব্যাপক পরীক্ষা-নিরীক্ষা এবং কৃষকের অংশগ্রহণের মাধ্যমে জাত নির্বাচন প্রক্রিয়ায় আমন মৌসুমে ব্রি ধান৫৩ জাতের চাষাবাদ উপযোগী এলাকায় ফলন পরীক্ষায় সন্তোষজনক হওয়ায় ২০১৪ সালে জাত হিসাবে ছাড়করণের জন্য চূড়ান্তভাবে নির্বাচন করা হয়।,"আমন মৌসুমের উপযুক্ত লবণাক্ততা সহনশীল ধানের জাত। 
অধিক ফলনশীল। 
ডিগপাতা খাড়া এবং গাছের উচ্চতা ১২০-১২৫ সে. মি। 
কোন কোন দানার (Spikelet) অগ্রভাগে শুং দেখা যেতে পারে। 
চালের আকার মাঝারি চিকন, সাদা এবং ভাত ঝরঝরে। 
১০০০ টি পুষ্ট ধানের ওজন প্রায় ২১.২ গ্রাম। 
চালে এমাইলোজের পরিমাণ ২৭.০%।",ব্রি ধান ৭৩ এর প্রধান বৈশিষ্ট্য হলো চারা অবসায় ১২ ডিএস/মি. (৩ সপ্তাহ পর্যন্ত) লবণাক্ততা সহ্য করতে পারে। উপর এ জাতটি অংগজ বৃদ্ধি থেকে প্রজনন পর্যায় পর্যন্ত লবণাক্ততা সংবেদনশীল সকল ধাপে (Salt sensitive stages) ৮ ডিএস/ মি. মাত্রার লবণাক্ততা সহ্য করে ফলন দিতে সক্ষম। জাতটির জীবনকাল কম হওয়ায় উপকূলীয় লবণাক্ত অঞ্চলে ফসল কর্তনের পর মধ্যম উঁচু থেকে উঁচু জমিতে সূর্যমুখী ও লবণ সহনশীল/পরিহারকারী (escaping) সরিষা আবাদের সুযোগ তৈরী হবে।,এ জাতের গড় জীবন কাল ১২০-১২৫ দিন।,"উপযুক্ত পরিচর্যা পেলে হেন্টর প্রতি গড়ে ৪.৫ টন ফলন পাওয়া যায় । তবে লবণাক্ততার মাত্রাভেদে হেন্টর প্রতি সর্বন্ষ্রি ২.১ টন এবং কম লবণাক্ততায় সর্বোচ্চ
৬.১টন পর্যন্ত ফলন পাওয়া যায় ।","এ ধানের চাষাবাদ অন্যান্য উফশী আমন ধানের জাতের মতই। মাঝারি উঁচু থেকে উঁচু জমি এ ধান চাষের জন্য উপযুক্ত। 
১. বীজ তলায় বীজ বপন: বীজ বপনের উপযুক্ত সময় হলো ০১ জুলাই থেকে ৩০ জুলাই অর্থাৎ আষাঢ়ের ১৭ তারিখ থেকে শ্রাবণের ১৫ তারিখের মধ্যে। 
২. চারার বয়স: ২৫-৩০ দিন। 
৩. চারার সংখ্যা: প্রতি গুছিতে ২/৩ টি। 
৪. রোপন দুরত্ব। ২০ সে.মি. × ১৫ সে.মি.। 
৫. সার ব্যাবস্থাপনা (কেজি/বিঘা) 
৫.১ ইউরিয়া ২৪
টিএসপি ১০
এমপি ১২
জিপসাম ১৩.৩
জিংক সালফেট ১.৩ 
৫.২ সর্বশেষ জমি চাষের সময় টিএসপি, অর্ধেক এমপি, জিপসাম এবং জিংক সালফেট একসাথে প্রয়োগ করা উচিত। ইউরিয়া সার সমান তিন কিস্তিতে যথা রোপনের ১০-১৫ দিন পর ১ম কিস্তি, ৩০ দিন পর ২য় কিস্তি এবং কাইচথোড় আসার ৫-৭ দিন পূর্বে ৩য় কিস্তি প্রয়োগ করতে হবে। বাকী অর্ধেক এমপি সার শেষ কিস্তি ইউরিয়ার সাথে প্রয়োগ করতে হবে। জিংকের অভাব পরিলক্ষিত হলে জিংক সালফেট এবং সালফারের অভাব পরিলক্ষিত হলে জিপসাম ইউরিয়ার মত উপরি প্রয়োগ করতে হবে। 
৬. আগাছা দমন: রোপনের পর অন্তত ৩৫-৪০ দিন পর্যন্ত জমি আগাছা মুক্ত রাখতে হবে। 
৭. সেচ ব্যবস্থাপনা। ঘোড় অবস্থা থেকে দুধ অবশ্য পর্যন্ত জমিতে পর্যাপ্ত রস বা পানি রাখতে হবে। 
৮. রোগ বালাই দমন। ব্রি ধান৭৩ এ রোগ বালাই ও পোকামাকড়ের আক্রমণ প্রচলিত জাতের চেয়ে অনেক কম হয়। তবে রোগবালাই ও পোকা মাকড়ের আক্রমণে বালাই নাশক প্রয়োগ করা উচিৎ। 
৯. ফসল পাকা ও কাটা: ০১-৩০ নভেম্বর ধান কাটার উপযুক্ত সময়।",
ব্রি ধান৭৯,ব্রি ধান৭৯ রোপা আমন মৌসুমের জলমগ্নতা ও জলাবদ্ধতাসহনশীল জাত। এর কৌলিক সারি নং বিআর৯১৫৯-৮-৫-৪০-১৪-৫৭। ব্রি ধান৪৯ এবং ব্রি ধান৫২ জাতের মধ্যে সংকরায়ণ করে Marker-Assisted Backcrossing পদ্ধতিতে উদ্ভাবন করা হয়েছে। জাতটি জাতীয় বীজ বোর্ড কর্তৃক ২০১৭ সালে রোপা আমন মৌসুমের জন্য ছাড়করণ করা হয়।,"আধুনিক উফশী ধানের সকল বৈশিষ্ট্য বিদ্যমান। 
গাছের বৃদ্ধি পর্যায়ে আকার ও আকৃতি প্রায় ব্রি ধান৪৯ জাতের মত তবে দানা ব্রি ধান৪৯ থেকে কিছুটা লম্বা ও মোটা। 
ডিগপাতা খাড়া ও লম্বা এবং পরিপক্ক অবস্থায় পাতার রং প্রায় সবুজ থাকে। 
পূর্ণ বয়স্ক গাছের উচ্চতা ১১২ সেমি। 
চালে অ্যামাইলোজ ২৫.২% এবং প্রোটিন ৭.৮%। 
১০০০ টি পুষ্ট ধানের ওজন ২২.৬ গ্রাম।","আকস্মিক বন্যা প্রবণ অঞ্চলে রোপা আমন মৌসুমে ১৮ থেকে ২১ দিন বন্যার পানিতে ডুবে থাকলে এবং বন্যার পানি নেমে যাওয়ার পরে
১৫-২০ দিনের মাঝারি মাত্রার (৫০-৬০ সেমি) জলাবদ্ধতা থাকলেও ৪.০-৪.৫ টন/হেক্টর ফলন দিতে সক্ষম । তাছাড়া স্বাভাবিক বেন্যা
মুক্ত) পরিবেশে প্রচলিত উচ্চ ফলনশীল জাত বি ধান৪৯ এর সমান অথবা বেশী ফলন দেয় । জাতটির জীবনকাল ব্রি ধান৫২-এর চেয়ে ৫
দিনকম।",বন্যামুক্ত পরিবেশে ১৩৫ দিন । তবে তিন সপ্তাহ পর্যন্ত বন্যায় ডুবে থাকলে ১৬০ দিন।,বন্যা মুক্ত পরিবেশে ৫.৫টন/হেক্টর এবং তিন সপ্তাহ পর্যন্ত বন্যায় ডুবে থাকলে ৪.০-৪.৫ টন/হেক্টর |,"এ ধানের চাষাবাদ পদ্ধতি অন্যান্য উফশী রোপা আমন জাতের মতই। 
১. বীজতলায় বীজ বপন: ১-১৬ আষাঢ় (১৫ জুন-১ জুলাই) 
২. চারার বয়স: ৩০ দিন 
৩. চারার সংখ্যা: গোছা প্রতি ২-৩ টি 
৪. রোপন দুরত্ব: ২৫ সেমি X ১৫ সেমি 
৫. সার ব্যবস্থাপনা (কেজি/বিঘা) 
বন্যা মুক্ত পরিবেশঃ ইউরিয়া ২৭ 
টিএসপি ৮
এমওপি ৭
জিপসাম ৮
জিংক ১
বন্যা কবলিত পরিবেশঃ ইউরিয়া ২৩ 
টিএসপি ৭
এমওপি ১৭
জিপসাম ৭
জিংক ১ ",